dr_no,date_reported,date_occurred,time_occurred,area,area_name,reporting_district_no,part,crime_code,crime_description,mocodes,victim_age,victim_sex,victim_descent,premise_code,premise_description,weapon_code,weapon_description,status_code,status_description,crime_location,cross_street,latitude,longitude
817,2020-09-20,2020-09-19,1700,17,Devonshire,1777,1,510,"VEHICLE - STOLEN",,0,,,101,STREET,,,IC,"Invest Cont",510.0,,NULL,NULL
2113,2021-06-21,2021-04-05,1835,13,Newton,1385,1,510,"VEHICLE - STOLEN",,0,,,101,STREET,,,IC,"Invest Cont",510.0,,NULL,NULL
2203,2022-12-31,2022-12-19,1930,3,Southwest,356,1,522,"VEHICLE, STOLEN - OTHER (MOTORIZED SCOOTERS, BIKES, ETC)",,0,,,502,"MULTI-UNIT DWELLING (APARTMENT, DUPLEX, ETC)",,,IC,"Invest Cont",522.0,,NULL,NULL
2315,2023-07-23,2023-07-22,1800,15,"N Hollywood",1566,1,420,"THEFT FROM MOTOR VEHICLE - PETTY ($950 & UNDER)",,0,,,101,STREET,,,IC,"Invest Cont",420.0,,NULL,NULL
2401,2024-01-10,2023-12-21,1930,14,Pacific,1416,1,510,"VEHICLE - STOLEN",,0,,,101,STREET,,,IC,"Invest Cont",510.0,,NULL,NULL
190101086,2020-01-02,2020-01-01,330,1,Central,163,2,624,"BATTERY - SIMPLE ASSAULT","0416 1822 1414",25,M,H,102,SIDEWALK,500.0,"UNKNOWN WEAPON/OTHER WEAPON",IC,"Invest Cont",624.0,,NULL,NULL
191501505,2020-01-01,2020-01-01,1730,15,"N Hollywood",1543,2,745,"VANDALISM - MISDEAMEANOR ($399 OR UNDER)","0329 1402",76,F,W,502,"MULTI-UNIT DWELLING (APARTMENT, DUPLEX, ETC)",,,IC,"Invest Cont",745.0,998.0,NULL,NULL
191921269,2020-01-01,2020-01-01,415,19,Mission,1998,2,740,"VANDALISM - FELONY ($400 & OVER, ALL CHURCH VANDALISMS)",0329,31,X,X,409,"BEAUTY SUPPLY STORE",,,IC,"Invest Cont",740.0,,NULL,NULL
200100003,2020-08-15,2020-08-14,2200,1,Central,162,1,510,"VEHICLE - STOLEN",,0,,,101,STREET,,,IC,"Invest Cont",510.0,,NULL,NULL
200100501,2020-01-02,2020-01-01,30,1,Central,163,1,121,"RAPE, FORCIBLE","0413 1822 1262 1415",25,F,H,735,"NIGHT CLUB (OPEN EVENINGS ONLY)",500.0,"UNKNOWN WEAPON/OTHER WEAPON",IC,"Invest Cont",121.0,998.0,NULL,NULL
200100502,2020-01-02,2020-01-02,1315,1,Central,161,1,442,"SHOPLIFTING - PETTY THEFT ($950 & UNDER)","1402 2004 0344 0387",23,M,H,404,"DEPARTMENT STORE",,,IC,"Invest Cont",442.0,998.0,NULL,NULL
200100504,2020-01-04,2020-01-04,40,1,Central,155,2,946,"OTHER MISCELLANEOUS CRIME","1402 0392",0,X,X,726,"POLICE FACILITY",,,IC,"Invest Cont",946.0,998.0,NULL,NULL
200100507,2020-01-04,2020-01-04,200,1,Central,101,1,341,"THEFT-GRAND ($950.01 & OVER)EXCPT,GUNS,FOWL,LIVESTK,PROD","1822 0344 1402",23,M,B,502,"MULTI-UNIT DWELLING (APARTMENT, DUPLEX, ETC)",,,IC,"Invest Cont",341.0,998.0,NULL,NULL
200100509,2020-01-04,2020-01-04,2200,1,Central,192,1,330,"BURGLARY FROM VEHICLE","1822 1414 0344 1307",29,M,A,101,STREET,306.0,"ROCK/THROWN OBJECT",IC,"Invest Cont",330.0,,NULL,NULL
200100510,2020-01-05,2020-01-05,955,1,Central,111,2,930,"CRIMINAL THREATS - NO WEAPON DISPLAYED","0421 0906",35,M,O,108,"PARKING LOT",511.0,"VERBAL THREAT",IC,"Invest Cont",930.0,,NULL,NULL
200100515,2020-01-07,2020-01-07,1638,1,Central,162,1,648,ARSON,"1402 1501 2004",0,X,X,404,"DEPARTMENT STORE",500.0,"UNKNOWN WEAPON/OTHER WEAPON",IC,"Invest Cont",648.0,998.0,NULL,NULL
200100520,2020-01-08,2020-01-08,1805,1,Central,128,1,442,"SHOPLIFTING - PETTY THEFT ($950 & UNDER)","0325 1402 0344 1822",24,F,H,252,"COFFEE SHOP (STARBUCKS, COFFEE BEAN, PEET'S, ETC.)",,,IC,"Invest Cont",442.0,,NULL,NULL
200100535,2020-01-14,2020-01-14,1330,1,Central,152,1,210,ROBBERY,"0416 0411 0344 1822 0305 0334 2004 1414 1202 1218",66,M,B,103,ALLEY,204.0,"FOLDING KNIFE",IC,"Invest Cont",210.0,,NULL,NULL
200100538,2020-01-14,2020-01-14,1730,1,Central,162,1,341,"THEFT-GRAND ($950.01 & OVER)EXCPT,GUNS,FOWL,LIVESTK,PROD","0344 1822 2032",31,M,H,404,"DEPARTMENT STORE",,,IC,"Invest Cont",341.0,,NULL,NULL
200100543,2020-01-15,2020-01-15,1445,1,Central,162,1,442,"SHOPLIFTING - PETTY THEFT ($950 & UNDER)","0325 1402 0907",27,M,B,404,"DEPARTMENT STORE",,,IC,"Invest Cont",442.0,998.0,NULL,NULL
200100554,2020-01-20,2020-01-20,2205,1,Central,157,1,230,"ASSAULT WITH DEADLY WEAPON, AGGRAVATED ASSAULT","0907 1420 0312 1100 1407 1402 0430 1218 1822",40,F,B,101,STREET,109.0,"SEMI-AUTOMATIC PISTOL",IC,"Invest Cont",6TH,CROCKER,34.0412000,-118.2436000
200100556,2020-01-20,2020-01-20,400,1,Central,141,1,121,"RAPE, FORCIBLE","1414 1402 1415 0444 0527 0537 0400 0507 1822",19,F,B,503,HOTEL,400.0,"STRONG-ARM (HANDS, FIST, FEET OR BODILY FORCE)",IC,"Invest Cont",121.0,998.0,NULL,NULL
200100568,2020-01-27,2020-01-27,1500,1,Central,166,2,930,"CRIMINAL THREATS - NO WEAPON DISPLAYED","1402 0910 0444 0443 0334 1202 1822 2051 2049",69,M,B,801,"MTA BUS",500.0,"UNKNOWN WEAPON/OTHER WEAPON",IC,"Invest Cont",930.0,998.0,NULL,NULL
200100572,2020-01-28,2020-01-28,2100,1,Central,181,2,740,"VANDALISM - FELONY ($400 & OVER, ALL CHURCH VANDALISMS)","0329 1300 1822 1414 1420",0,X,X,101,STREET,,,IC,"Invest Cont",740.0,,NULL,NULL
200100574,2020-01-30,2020-01-29,1930,1,Central,162,1,442,"SHOPLIFTING - PETTY THEFT ($950 & UNDER)","0344 1414",0,M,W,404,"DEPARTMENT STORE",,,IC,"Invest Cont",442.0,,NULL,NULL
200100584,2020-02-04,2020-02-04,1645,1,Central,162,1,442,"SHOPLIFTING - PETTY THEFT ($950 & UNDER)","0344 1402",55,M,W,404,"DEPARTMENT STORE",,,IC,"Invest Cont",442.0,998.0,NULL,NULL
200100587,2020-02-06,2020-02-06,1135,1,Central,163,2,740,"VANDALISM - FELONY ($400 & OVER, ALL CHURCH VANDALISMS)","1310 1307 0329 1402",66,F,A,122,"VEHICLE, PASSENGER/TRUCK",,,IC,"Invest Cont",740.0,998.0,NULL,NULL
200100589,2020-02-06,2020-02-06,2048,1,Central,154,1,420,"THEFT FROM MOTOR VEHICLE - PETTY ($950 & UNDER)","1300 1822 1606 0344",35,F,B,123,"PARKING UNDERGROUND/BUILDING",,,IC,"Invest Cont",420.0,,NULL,NULL
200100592,2020-02-06,2020-02-05,1,1,Central,135,1,121,"RAPE, FORCIBLE","0913 1402 1415 0527 1814 0510 0522 0429 2000",25,F,B,502,"MULTI-UNIT DWELLING (APARTMENT, DUPLEX, ETC)",400.0,"STRONG-ARM (HANDS, FIST, FEET OR BODILY FORCE)",IC,"Invest Cont",121.0,998.0,NULL,NULL
200100596,2020-02-08,2020-02-08,1600,1,Central,162,1,442,"SHOPLIFTING - PETTY THEFT ($950 & UNDER)","2004 0344 0378",35,M,B,406,"OTHER STORE",,,IC,"Invest Cont",442.0,,NULL,NULL
200100598,2020-02-09,2020-02-08,2100,1,Central,111,1,420,"THEFT FROM MOTOR VEHICLE - PETTY ($950 & UNDER)","0344 1402",31,M,O,108,"PARKING LOT",,,IC,"Invest Cont",420.0,998.0,NULL,NULL
200100599,2020-02-10,2020-02-10,1555,1,Central,161,2,624,"BATTERY - SIMPLE ASSAULT","1402 0416 1822",22,F,O,102,SIDEWALK,400.0,"STRONG-ARM (HANDS, FIST, FEET OR BODILY FORCE)",IC,"Invest Cont",624.0,998.0,NULL,NULL
200100600,2020-02-12,2020-02-12,2155,1,Central,156,2,627,"CHILD ABUSE (PHYSICAL) - SIMPLE ASSAULT",0416,12,M,H,517,MISSIONS/SHELTERS,400.0,"STRONG-ARM (HANDS, FIST, FEET OR BODILY FORCE)",IC,"Invest Cont",627.0,,NULL,NULL
200100608,2020-02-17,2020-02-17,1300,1,Central,185,2,740,"VANDALISM - FELONY ($400 & OVER, ALL CHURCH VANDALISMS)",0329,46,M,A,122,"VEHICLE, PASSENGER/TRUCK",,,IC,"Invest Cont",740.0,,NULL,NULL
200100612,2020-02-19,2020-02-19,2110,1,Central,171,2,662,"BUNCO, GRAND THEFT","1309 0344 1402 0913 0800",26,M,O,156,VALET,500.0,"UNKNOWN WEAPON/OTHER WEAPON",IC,"Invest Cont","900 W  OLYMPIC                      BL",,34.0454000,-118.2657000
200100615,2020-02-20,2020-02-20,1445,1,Central,154,2,437,"RESISTING ARREST","2004 1822",0,X,X,102,SIDEWALK,400.0,"STRONG-ARM (HANDS, FIST, FEET OR BODILY FORCE)",IC,"Invest Cont",437.0,,NULL,NULL
200100617,2020-02-19,2020-02-19,2000,1,Central,154,1,230,"ASSAULT WITH DEADLY WEAPON, AGGRAVATED ASSAULT","2001 0416 1822 1218 2004",54,M,H,102,SIDEWALK,400.0,"STRONG-ARM (HANDS, FIST, FEET OR BODILY FORCE)",IC,"Invest Cont",230.0,,NULL,NULL
200100622,2020-02-22,2020-02-22,1710,1,Central,162,1,442,"SHOPLIFTING - PETTY THEFT ($950 & UNDER)","0325 1402",36,M,H,404,"DEPARTMENT STORE",,,IC,"Invest Cont",442.0,998.0,NULL,NULL
200100623,2020-02-23,2020-02-23,130,1,Central,152,2,624,"BATTERY - SIMPLE ASSAULT","0400 0305 1822 2004 0910",37,F,B,903,"MTA - RED LINE - 7TH AND METRO CENTER",400.0,"STRONG-ARM (HANDS, FIST, FEET OR BODILY FORCE)",IC,"Invest Cont",624.0,,NULL,NULL
200100625,2020-02-24,2020-02-24,2030,1,Central,171,2,624,"BATTERY - SIMPLE ASSAULT","1218 1822 0305 0429 1414 0416",42,M,H,102,SIDEWALK,400.0,"STRONG-ARM (HANDS, FIST, FEET OR BODILY FORCE)",IC,"Invest Cont",624.0,,NULL,NULL
200100627,2020-02-25,2020-02-25,2200,1,Central,162,2,946,"OTHER MISCELLANEOUS CRIME",1501,0,M,H,101,STREET,,,IC,"Invest Cont",946.0,,NULL,NULL
200100628,2020-02-26,2020-02-26,100,1,Central,195,1,220,"ATTEMPTED ROBBERY","0334 0355 0400 1402 1822 1414",50,M,B,203,"OTHER BUSINESS",201.0,"KNIFE WITH BLADE OVER 6 INCHES IN LENGTH",IC,"Invest Cont",220.0,998.0,NULL,NULL
200100631,2020-02-26,2020-02-25,2330,1,Central,166,1,121,"RAPE, FORCIBLE","2004 1218 0913 0522 0528 1817 0526 0510 1415 0516",49,F,W,502,"MULTI-UNIT DWELLING (APARTMENT, DUPLEX, ETC)",400.0,"STRONG-ARM (HANDS, FIST, FEET OR BODILY FORCE)",IC,"Invest Cont",121.0,,NULL,NULL
200100634,2020-02-26,2020-02-26,1430,1,Central,192,1,480,"BIKE - STOLEN","1822 0397 1259 0344 1402",17,M,H,102,SIDEWALK,,,IC,"Invest Cont",480.0,998.0,NULL,NULL
200100641,2020-02-26,2020-02-25,2200,1,Central,139,1,330,"BURGLARY FROM VEHICLE","0321 1822 1606 0344 1402",37,F,W,101,STREET,,,IC,"Invest Cont",330.0,998.0,NULL,NULL
200100646,2020-02-27,2020-02-27,620,1,Central,152,2,900,"VIOLATION OF COURT ORDER","2004 1402",0,X,X,252,"COFFEE SHOP (STARBUCKS, COFFEE BEAN, PEET'S, ETC.)",,,IC,"Invest Cont",900.0,998.0,NULL,NULL
200100648,2020-02-29,2020-02-29,2340,1,Central,162,1,230,"ASSAULT WITH DEADLY WEAPON, AGGRAVATED ASSAULT","0907 2018 1822 1414 1407 1419 0430 1402 1100",25,M,W,502,"MULTI-UNIT DWELLING (APARTMENT, DUPLEX, ETC)",102.0,"HAND GUN",IC,"Invest Cont",230.0,998.0,NULL,NULL
200100653,2020-03-02,2020-03-02,1000,1,Central,162,2,956,"LETTERS, LEWD  -  TELEPHONE CALLS, LEWD",1501,35,F,H,203,"OTHER BUSINESS",,,IC,"Invest Cont",956.0,,NULL,NULL
200100668,2020-03-06,2020-03-06,1735,1,Central,143,2,745,"VANDALISM - MISDEAMEANOR ($399 OR UNDER)","1822 0910 0329 1402",0,X,X,102,SIDEWALK,,,IC,"Invest Cont",745.0,998.0,NULL,NULL
200100670,2020-03-07,2020-03-07,35,1,Central,127,2,623,"BATTERY POLICE (SIMPLE)",1212,0,M,O,726,"POLICE FACILITY",400.0,"STRONG-ARM (HANDS, FIST, FEET OR BODILY FORCE)",IC,"Invest Cont",623.0,,NULL,NULL
200100671,2020-03-08,2020-03-08,1600,1,Central,155,2,624,"BATTERY - SIMPLE ASSAULT","0416 1402 1822",60,F,B,406,"OTHER STORE",400.0,"STRONG-ARM (HANDS, FIST, FEET OR BODILY FORCE)",IC,"Invest Cont",624.0,998.0,NULL,NULL
200100675,2020-03-10,2020-03-09,2135,1,Central,119,1,442,"SHOPLIFTING - PETTY THEFT ($950 & UNDER)","0344 1822 1402 0910 0104",0,M,W,834,"LA UNION STATION (NOT LINE SPECIFIC)",,,IC,"Invest Cont",442.0,998.0,NULL,NULL
200100680,2020-03-11,2020-03-11,2100,1,Central,135,1,330,"BURGLARY FROM VEHICLE","0344 0329 1822 1307 1609",25,M,B,102,SIDEWALK,,,IC,"Invest Cont",330.0,,NULL,NULL
200100682,2020-03-12,2020-03-12,10,1,Central,182,1,210,ROBBERY,"1822 0344 0316 0429 0305 1414",19,M,A,102,SIDEWALK,400.0,"STRONG-ARM (HANDS, FIST, FEET OR BODILY FORCE)",IC,"Invest Cont",210.0,,NULL,NULL
200100683,2020-03-11,2020-03-11,315,1,Central,132,2,888,TRESPASSING,9999,25,F,B,710,"OTHER PREMISE",,,IC,"Invest Cont",888.0,,NULL,NULL
200100685,2020-03-12,2020-03-12,530,1,Central,105,2,888,TRESPASSING,"1275 2004 1414 1822",50,F,H,506,"ABANDONED BUILDING ABANDONED HOUSE",,,IC,"Invest Cont",888.0,,NULL,NULL
200100691,2020-03-14,2020-03-14,2230,1,Central,162,2,745,"VANDALISM - MISDEAMEANOR ($399 OR UNDER)","0329 1402 2028 0913",49,F,B,403,"DRUG STORE",400.0,"STRONG-ARM (HANDS, FIST, FEET OR BODILY FORCE)",IC,"Invest Cont",745.0,998.0,NULL,NULL
200100693,2020-03-15,2020-03-15,2300,1,Central,156,1,230,"ASSAULT WITH DEADLY WEAPON, AGGRAVATED ASSAULT","1100 0302 0430 1402 0913 0907",24,M,B,102,SIDEWALK,102.0,"HAND GUN",IC,"Invest Cont",230.0,998.0,NULL,NULL
200100694,2020-03-20,2020-03-17,230,1,Central,162,2,745,"VANDALISM - MISDEAMEANOR ($399 OR UNDER)","0329 1822",0,M,W,203,"OTHER BUSINESS",,,IC,"Invest Cont",745.0,,NULL,NULL
200100697,2020-03-17,2020-03-17,730,1,Central,135,1,330,"BURGLARY FROM VEHICLE","0344 1307 1609 1822 1414 0329 1212",36,F,B,108,"PARKING LOT",,,IC,"Invest Cont",330.0,,NULL,NULL
200100703,2020-03-19,2020-03-19,2135,1,Central,195,2,745,"VANDALISM - MISDEAMEANOR ($399 OR UNDER)","1822 1402 0329 1609 1307",29,M,O,108,"PARKING LOT",500.0,"UNKNOWN WEAPON/OTHER WEAPON",IC,"Invest Cont",745.0,998.0,NULL,NULL
200100707,2020-03-21,2020-03-21,1900,1,Central,162,1,210,ROBBERY,"1309 0344 1822 0355",26,F,A,102,SIDEWALK,400.0,"STRONG-ARM (HANDS, FIST, FEET OR BODILY FORCE)",IC,"Invest Cont",210.0,,NULL,NULL
200100708,2020-03-23,2020-03-23,1530,1,Central,111,2,624,"BATTERY - SIMPLE ASSAULT","1420 0416 1822",36,F,H,210,"RESTAURANT/FAST FOOD",400.0,"STRONG-ARM (HANDS, FIST, FEET OR BODILY FORCE)",IC,"Invest Cont",624.0,,NULL,NULL
200100711,2020-03-24,2020-03-23,1300,1,Central,192,1,121,"RAPE, FORCIBLE","1218 0507 0527 1402 1415 1822 1206",26,F,H,503,HOTEL,400.0,"STRONG-ARM (HANDS, FIST, FEET OR BODILY FORCE)",IC,"Invest Cont",121.0,998.0,NULL,NULL
200100716,2020-03-29,2020-03-28,1905,1,Central,153,1,330,"BURGLARY FROM VEHICLE","2004 1414 1605 0321 0344 1402 1822",34,F,H,101,STREET,,,IC,"Invest Cont",330.0,998.0,NULL,NULL
200100720,2020-04-01,2020-04-01,1800,1,Central,118,1,310,BURGLARY,"1607 1402 1822 1414 0329",0,X,X,203,"OTHER BUSINESS",,,IC,"Invest Cont",310.0,998.0,NULL,NULL
200100726,2020-04-13,2020-04-13,1605,1,Central,153,1,230,"ASSAULT WITH DEADLY WEAPON, AGGRAVATED ASSAULT","2004 1402 0431 1822",51,M,B,102,SIDEWALK,512.0,"MACE/PEPPER SPRAY",IC,"Invest Cont",230.0,998.0,NULL,NULL
200100728,2020-04-15,2020-04-15,2335,1,Central,128,2,745,"VANDALISM - MISDEAMEANOR ($399 OR UNDER)","2003 1414 0329 1822 2004",0,X,X,602,BANK,113.0,"SIMULATED GUN",IC,"Invest Cont",745.0,,NULL,NULL
200100734,2020-04-19,2020-04-19,1300,1,Central,152,2,623,"BATTERY POLICE (SIMPLE)","2004 1212 0416 1822 0910 1402 0907",48,M,W,903,"MTA - RED LINE - 7TH AND METRO CENTER",400.0,"STRONG-ARM (HANDS, FIST, FEET OR BODILY FORCE)",IC,"Invest Cont",623.0,998.0,NULL,NULL
200100735,2020-04-19,2020-04-19,1300,1,Central,152,2,623,"BATTERY POLICE (SIMPLE)","2004 1212 0416 1822 0910",34,F,W,903,"MTA - RED LINE - 7TH AND METRO CENTER",400.0,"STRONG-ARM (HANDS, FIST, FEET OR BODILY FORCE)",IC,"Invest Cont",623.0,,NULL,NULL
200100736,2020-04-19,2020-04-19,1300,1,Central,152,2,623,"BATTERY POLICE (SIMPLE)","2004 1212 0416 1822 0910",50,M,H,903,"MTA - RED LINE - 7TH AND METRO CENTER",500.0,"UNKNOWN WEAPON/OTHER WEAPON",IC,"Invest Cont",623.0,,NULL,NULL
200100737,2020-04-21,2020-04-21,1000,1,Central,156,2,627,"CHILD ABUSE (PHYSICAL) - SIMPLE ASSAULT","0416 0553 1218 1257 0319 1414",2,M,B,517,MISSIONS/SHELTERS,400.0,"STRONG-ARM (HANDS, FIST, FEET OR BODILY FORCE)",IC,"Invest Cont",627.0,,NULL,NULL
200100739,2020-04-21,2020-04-21,1855,1,Central,174,2,946,"OTHER MISCELLANEOUS CRIME","2004 1402 1501 1822 1414 1420",31,F,W,101,STREET,,,IC,"Invest Cont",946.0,998.0,NULL,NULL
200100740,2020-04-22,2020-04-21,2258,1,Central,181,2,755,"BOMB SCARE",0404,0,X,X,741,"STAPLES CENTER *",511.0,"VERBAL THREAT",IC,"Invest Cont",755.0,,NULL,NULL
200100747,2020-04-26,2020-04-26,15,1,Central,138,1,320,"BURGLARY, ATTEMPTED","1602 1822 1403 0397 1414",0,M,W,406,"OTHER STORE",,,IC,"Invest Cont",320.0,,NULL,NULL
200100750,2020-04-27,2020-04-27,2310,1,Central,148,1,230,"ASSAULT WITH DEADLY WEAPON, AGGRAVATED ASSAULT","1414 1100 2060 0430 1218 1822 1402 1407 0906",32,M,B,102,SIDEWALK,102.0,"HAND GUN",IC,"Invest Cont",230.0,998.0,NULL,NULL
200100754,2020-04-30,2020-04-27,530,1,Central,159,1,310,BURGLARY,"1403 1822 1414 1420 1402 0344 0329 1609",24,F,W,210,"RESTAURANT/FAST FOOD",,,IC,"Invest Cont",310.0,998.0,NULL,NULL
200100760,2020-05-02,2020-05-02,910,1,Central,166,2,624,"BATTERY - SIMPLE ASSAULT","0416 1822 0429",68,M,W,102,SIDEWALK,400.0,"STRONG-ARM (HANDS, FIST, FEET OR BODILY FORCE)",IC,"Invest Cont",624.0,,NULL,NULL
200100761,2020-05-02,2020-05-01,1515,1,Central,171,2,745,"VANDALISM - MISDEAMEANOR ($399 OR UNDER)",0329,0,M,A,122,"VEHICLE, PASSENGER/TRUCK",,,IC,"Invest Cont",745.0,,NULL,NULL
200100768,2020-05-05,2020-05-05,1530,1,Central,162,1,420,"THEFT FROM MOTOR VEHICLE - PETTY ($950 & UNDER)","1300 0344 1822",33,M,W,101,STREET,500.0,"UNKNOWN WEAPON/OTHER WEAPON",IC,"Invest Cont",420.0,,NULL,NULL
200100769,2020-05-05,2020-05-05,2340,1,Central,166,2,753,"DISCHARGE FIREARMS/SHOTS FIRED","1100 1822 1414 1420 1501 1407",0,X,X,102,SIDEWALK,102.0,"HAND GUN",IC,"Invest Cont",753.0,,NULL,NULL
200100771,2020-05-07,2020-05-05,1700,1,Central,166,1,230,"ASSAULT WITH DEADLY WEAPON, AGGRAVATED ASSAULT","0913 2004 1218 0407 0340",55,F,A,102,SIDEWALK,500.0,"UNKNOWN WEAPON/OTHER WEAPON",IC,"Invest Cont",230.0,,NULL,NULL
200100775,2020-05-09,2020-04-01,1000,1,Central,181,1,310,BURGLARY,"1822 0344 0397",37,M,B,120,"STORAGE SHED",,,IC,"Invest Cont",310.0,,NULL,NULL
200100779,2020-05-11,2020-05-11,2100,1,Central,157,2,740,"VANDALISM - FELONY ($400 & OVER, ALL CHURCH VANDALISMS)","0329 0445",31,F,H,101,STREET,304.0,CLUB/BAT,IC,"Invest Cont",740.0,,NULL,NULL
200100782,2020-05-15,2020-05-15,815,1,Central,162,2,624,"BATTERY - SIMPLE ASSAULT","0416 1822",40,M,H,406,"OTHER STORE",400.0,"STRONG-ARM (HANDS, FIST, FEET OR BODILY FORCE)",IC,"Invest Cont",624.0,,NULL,NULL
200100787,2020-05-17,2020-05-16,1545,1,Central,153,1,761,"BRANDISH WEAPON","1402 2003 1266 0334 2004 1822 0443 0910",25,M,B,902,"MTA - RED LINE - PERSHING SQUARE",200.0,"KNIFE WITH BLADE 6INCHES OR LESS",IC,"Invest Cont",761.0,998.0,NULL,NULL
200100789,2020-05-17,2020-05-15,1725,1,Central,124,2,745,"VANDALISM - MISDEAMEANOR ($399 OR UNDER)",0329,49,M,B,102,SIDEWALK,,,IC,"Invest Cont",745.0,,NULL,NULL
200100790,2020-05-18,2020-05-17,2241,1,Central,159,2,890,"FAILURE TO YIELD","1501 1309 1300",0,X,X,101,STREET,,,IC,"Invest Cont",890.0,,NULL,NULL
200100791,2020-05-18,2020-05-18,1,1,Central,182,1,230,"ASSAULT WITH DEADLY WEAPON, AGGRAVATED ASSAULT","1402 1407 1100 0450 1822 1414 1307",26,M,B,101,STREET,109.0,"SEMI-AUTOMATIC PISTOL",IC,"Invest Cont",230.0,998.0,NULL,NULL
200100794,2020-05-20,2020-05-20,1756,1,Central,153,1,350,"THEFT, PERSON","0336 0346 1822 0910 2051 2049 1414 0344 0305",47,F,H,801,"MTA BUS",400.0,"STRONG-ARM (HANDS, FIST, FEET OR BODILY FORCE)",IC,"Invest Cont",350.0,,NULL,NULL
200100802,2020-05-23,2020-05-23,40,1,Central,147,1,121,"RAPE, FORCIBLE","1218 2004 1415 1402 0913",59,F,B,516,"SINGLE RESIDENCE OCCUPANCY (SRO'S) LOCATIONS",400.0,"STRONG-ARM (HANDS, FIST, FEET OR BODILY FORCE)",IC,"Invest Cont",121.0,998.0,NULL,NULL
200100813,2020-05-25,2020-05-25,2100,1,Central,192,1,236,"INTIMATE PARTNER - AGGRAVATED ASSAULT","1266 1414 0447 1814 0431 2000 0913",29,M,B,502,"MULTI-UNIT DWELLING (APARTMENT, DUPLEX, ETC)",503.0,"CAUSTIC CHEMICAL/POISON",IC,"Invest Cont",236.0,,NULL,NULL
200100815,2020-05-28,2020-05-28,245,1,Central,129,1,310,BURGLARY,"0344 1403 0329 1822 1609 1420 0378 0397",0,X,X,203,"OTHER BUSINESS",500.0,"UNKNOWN WEAPON/OTHER WEAPON",IC,"Invest Cont",310.0,998.0,NULL,NULL
200100816,2020-05-28,2020-05-28,1900,1,Central,124,2,740,"VANDALISM - FELONY ($400 & OVER, ALL CHURCH VANDALISMS)","0329 1822 1414 1300",0,X,X,122,"VEHICLE, PASSENGER/TRUCK",400.0,"STRONG-ARM (HANDS, FIST, FEET OR BODILY FORCE)",IC,"Invest Cont",740.0,,NULL,NULL
200100817,2020-05-30,2020-05-29,1230,1,Central,154,2,740,"VANDALISM - FELONY ($400 & OVER, ALL CHURCH VANDALISMS)","0329 1822 1402",0,M,W,122,"VEHICLE, PASSENGER/TRUCK",,,IC,"Invest Cont",740.0,998.0,NULL,NULL
200100818,2020-05-31,2020-05-30,100,1,Central,162,2,745,"VANDALISM - MISDEAMEANOR ($399 OR UNDER)","0329 1822",0,M,W,122,"VEHICLE, PASSENGER/TRUCK",,,IC,"Invest Cont",745.0,,NULL,NULL
200100823,2020-05-31,2020-05-31,1920,1,Central,153,2,740,"VANDALISM - FELONY ($400 & OVER, ALL CHURCH VANDALISMS)","0329 1822 1414 1402",0,X,X,201,"JEWELRY STORE",,,IC,"Invest Cont",740.0,,NULL,NULL
200100836,2020-06-07,2020-06-07,1800,1,Central,192,2,740,"VANDALISM - FELONY ($400 & OVER, ALL CHURCH VANDALISMS)","1420 1822 0329 1609",0,X,X,255,"AUTO DEALERSHIP (CHEVY, FORD, BMW, MERCEDES, ETC.)",,,IC,"Invest Cont",740.0,,NULL,NULL
200100840,2020-06-10,2020-06-10,1830,1,Central,153,1,210,ROBBERY,"0344 1218 0416 1822 0910 1414",44,M,H,102,SIDEWALK,400.0,"STRONG-ARM (HANDS, FIST, FEET OR BODILY FORCE)",IC,"Invest Cont",210.0,,NULL,NULL
200100841,2020-06-12,2020-06-11,2130,1,Central,152,1,330,"BURGLARY FROM VEHICLE","0344 1609 1402 1307 0329 1822 1414",50,F,H,101,STREET,500.0,"UNKNOWN WEAPON/OTHER WEAPON",IC,"Invest Cont",330.0,998.0,NULL,NULL
200100842,2020-06-13,2020-06-12,2230,1,Central,129,1,330,"BURGLARY FROM VEHICLE","1307 0329 1266 1609 0344 1822",30,M,H,122,"VEHICLE, PASSENGER/TRUCK",,,IC,"Invest Cont",330.0,,NULL,NULL
200100845,2020-06-16,2020-06-16,1215,1,Central,162,1,230,"ASSAULT WITH DEADLY WEAPON, AGGRAVATED ASSAULT","0416 1822 1218 0447 0319 1414",32,M,B,202,"LIQUOR STORE",500.0,"UNKNOWN WEAPON/OTHER WEAPON",IC,"Invest Cont",230.0,,NULL,NULL
200100848,2020-06-17,2020-06-15,1800,1,Central,111,1,310,BURGLARY,"1601 1822 0329 0344 1402 1605",48,M,A,502,"MULTI-UNIT DWELLING (APARTMENT, DUPLEX, ETC)",,,IC,"Invest Cont",310.0,998.0,NULL,NULL
200100851,2020-06-20,2020-06-19,2100,1,Central,111,1,230,"ASSAULT WITH DEADLY WEAPON, AGGRAVATED ASSAULT","1402 0416 0305 2004 1218 0913",49,M,W,108,"PARKING LOT",512.0,"MACE/PEPPER SPRAY",IC,"Invest Cont",230.0,998.0,NULL,NULL
200100854,2020-06-20,2020-05-11,1500,1,Central,159,2,740,"VANDALISM - FELONY ($400 & OVER, ALL CHURCH VANDALISMS)","1402 0329",0,M,W,213,WAREHOUSE,,,IC,"Invest Cont",740.0,998.0,NULL,NULL
200100858,2020-06-26,2020-06-26,2130,1,Central,164,1,330,"BURGLARY FROM VEHICLE","1307 0329 1822 0321 1609 0344 1402",29,M,W,101,STREET,,,IC,"Invest Cont",330.0,998.0,NULL,NULL
200100866,2020-06-30,2020-06-30,1930,1,Central,119,2,946,"OTHER MISCELLANEOUS CRIME","1501 2004 0910 1212 2003",44,M,H,406,"OTHER STORE",400.0,"STRONG-ARM (HANDS, FIST, FEET OR BODILY FORCE)",IC,"Invest Cont",946.0,,NULL,NULL
200100868,2020-07-01,2020-06-27,1230,1,Central,182,1,330,"BURGLARY FROM VEHICLE","1300 0344 1402 1605 1822",31,F,B,108,"PARKING LOT",500.0,"UNKNOWN WEAPON/OTHER WEAPON",IC,"Invest Cont",330.0,998.0,NULL,NULL
200100869,2020-07-01,2020-07-01,2200,1,Central,152,1,310,BURGLARY,"0344 0321 1402 1822 1601 1414 1420",0,X,X,203,"OTHER BUSINESS",500.0,"UNKNOWN WEAPON/OTHER WEAPON",IC,"Invest Cont",310.0,998.0,NULL,NULL
200100870,2020-07-03,2020-07-03,1630,1,Central,138,2,624,"BATTERY - SIMPLE ASSAULT","1402 0913 0416 1218",62,M,B,102,SIDEWALK,500.0,"UNKNOWN WEAPON/OTHER WEAPON",IC,"Invest Cont",624.0,998.0,NULL,NULL
200100872,2020-07-04,2020-07-04,220,1,Central,195,2,745,"VANDALISM - MISDEAMEANOR ($399 OR UNDER)","0329 1822 0917 1278",47,M,W,122,"VEHICLE, PASSENGER/TRUCK",,,IC,"Invest Cont",745.0,,NULL,NULL
200100873,2020-07-03,2020-06-29,800,1,Central,158,2,745,"VANDALISM - MISDEAMEANOR ($399 OR UNDER)",0329,63,M,B,122,"VEHICLE, PASSENGER/TRUCK",310.0,"CONCRETE BLOCK/BRICK",IC,"Invest Cont",745.0,,NULL,NULL
200100877,2020-07-05,2020-07-04,2315,1,Central,152,1,230,"ASSAULT WITH DEADLY WEAPON, AGGRAVATED ASSAULT","2004 1822 1268 1218 0910 0411",37,M,B,835,"7TH AND METRO CENTER (NOT LINE SPECIFIC)",201.0,"KNIFE WITH BLADE OVER 6 INCHES IN LENGTH",IC,"Invest Cont",230.0,,NULL,NULL
200100878,2020-07-05,2020-07-04,2200,1,Central,139,1,310,BURGLARY,"1822 1420 0329 1402 0344 1609",56,F,A,218,"BEAUTY/BARBER SHOP",,,IC,"Invest Cont",310.0,998.0,NULL,NULL
200100883,2020-07-09,2020-07-08,1930,1,Central,182,1,251,"SHOTS FIRED AT INHABITED DWELLING","1402 1100 1419 1414 0329 1407 1822 0907 2018",44,M,H,502,"MULTI-UNIT DWELLING (APARTMENT, DUPLEX, ETC)",106.0,"UNKNOWN FIREARM",IC,"Invest Cont",251.0,998.0,NULL,NULL
200100889,2020-07-13,2020-07-13,40,1,Central,157,1,230,"ASSAULT WITH DEADLY WEAPON, AGGRAVATED ASSAULT","2004 2060 1202 1414 1218 0416 1822 0431 1402",60,M,B,102,SIDEWALK,308.0,STICK,IC,"Invest Cont",230.0,998.0,NULL,NULL
200100892,2020-07-14,2020-07-13,1415,1,Central,128,1,341,"THEFT-GRAND ($950.01 & OVER)EXCPT,GUNS,FOWL,LIVESTK,PROD","1420 0377 0344 1822 2032",28,F,A,210,"RESTAURANT/FAST FOOD",,,IC,"Invest Cont",341.0,,NULL,NULL
200100894,2020-07-16,2020-07-16,35,1,Central,154,2,753,"DISCHARGE FIREARMS/SHOTS FIRED","1822 1407 1100 1402",0,X,X,102,SIDEWALK,106.0,"UNKNOWN FIREARM",IC,"Invest Cont",753.0,998.0,NULL,NULL
200100897,2020-07-18,2020-07-17,2350,1,Central,111,2,946,"OTHER MISCELLANEOUS CRIME",1501,0,M,W,301,"GAS STATION",,,IC,"Invest Cont",946.0,,NULL,NULL
200100899,2020-07-19,2020-07-19,2306,1,Central,195,2,745,"VANDALISM - MISDEAMEANOR ($399 OR UNDER)","0329 1402",0,X,X,127,"TRASH CAN/TRASH DUMPSTER",500.0,"UNKNOWN WEAPON/OTHER WEAPON",IC,"Invest Cont",745.0,998.0,NULL,NULL
200100906,2020-07-23,2020-07-22,1000,1,Central,176,1,815,"SEXUAL PENETRATION W/FOREIGN OBJECT","0416 0429 0515 0541 1822 1218 1402 1415 0344 2004",53,M,W,101,STREET,514.0,"TIRE IRON",IC,"Invest Cont",815.0,998.0,NULL,NULL
200100908,2020-07-25,2020-07-25,130,1,Central,148,1,210,ROBBERY,"2004 0443 0334 0345 0337 0344 1218 2060 1402 0913",56,F,W,710,"OTHER PREMISE",207.0,"OTHER KNIFE",IC,"Invest Cont",210.0,998.0,NULL,NULL
200100909,2020-08-07,2020-07-26,2350,1,Central,171,2,753,"DISCHARGE FIREARMS/SHOTS FIRED","1309 1822 1100 1407",0,M,W,101,STREET,102.0,"HAND GUN",IC,"Invest Cont",753.0,998.0,NULL,NULL
200100910,2020-07-25,2020-07-25,2040,1,Central,124,2,623,"BATTERY POLICE (SIMPLE)","1822 1402 1212 0417",40,M,H,101,STREET,400.0,"STRONG-ARM (HANDS, FIST, FEET OR BODILY FORCE)",IC,"Invest Cont",623.0,998.0,NULL,NULL
200100920,2020-07-27,2020-07-27,2145,1,Central,119,2,860,"BATTERY WITH SEXUAL CONTACT","0522 1268 2033 2004 1822 2034 0910 1218 2050 2052",26,F,H,900,"MTA - RED LINE - UNION STATION",400.0,"STRONG-ARM (HANDS, FIST, FEET OR BODILY FORCE)",IC,"Invest Cont",860.0,,NULL,NULL
200100922,2020-07-28,2020-07-28,1700,1,Central,162,2,888,TRESPASSING,"1501 1402 1605 0913",28,F,W,502,"MULTI-UNIT DWELLING (APARTMENT, DUPLEX, ETC)",,,IC,"Invest Cont",888.0,998.0,NULL,NULL
200100928,2020-08-01,2020-08-01,1900,1,Central,155,2,626,"INTIMATE PARTNER - SIMPLE ASSAULT","2000 0416 0913 1206 1414",50,F,B,102,SIDEWALK,308.0,STICK,IC,"Invest Cont",626.0,,NULL,NULL
200100941,2020-08-08,2020-08-08,2220,1,Central,153,1,230,"ASSAULT WITH DEADLY WEAPON, AGGRAVATED ASSAULT","0910 1822 0411",39,M,H,124,"BUS STOP",500.0,"UNKNOWN WEAPON/OTHER WEAPON",IC,"Invest Cont",230.0,,NULL,NULL
200100947,2020-08-11,2020-08-11,1900,1,Central,141,2,625,"OTHER ASSAULT","2004 1266 0447 1822",47,M,W,503,HOTEL,500.0,"UNKNOWN WEAPON/OTHER WEAPON",IC,"Invest Cont",625.0,,NULL,NULL
200100952,2020-08-14,2020-08-13,1900,1,Central,124,2,740,"VANDALISM - FELONY ($400 & OVER, ALL CHURCH VANDALISMS)","0329 1402",0,M,W,121,"YARD (RESIDENTIAL/BUSINESS)",,,IC,"Invest Cont",740.0,998.0,NULL,NULL
200100955,2020-08-16,2020-08-16,2210,1,Central,176,1,330,"BURGLARY FROM VEHICLE","0344 1307 1609 1822 1402 0329 1403",41,F,W,101,STREET,,,IC,"Invest Cont",330.0,998.0,NULL,NULL
200100958,2020-08-19,2020-04-01,1430,1,Central,185,1,310,BURGLARY,"1402 0344 0321 1822 1414",37,F,H,502,"MULTI-UNIT DWELLING (APARTMENT, DUPLEX, ETC)",,,IC,"Invest Cont",310.0,998.0,NULL,NULL
200100962,2020-08-21,2020-08-20,1430,1,Central,176,1,210,ROBBERY,"1402 0344 0449 0408 1822 0907",27,M,O,101,STREET,200.0,"KNIFE WITH BLADE 6INCHES OR LESS",IC,"Invest Cont",210.0,,NULL,NULL
200100965,2020-08-23,2020-08-23,2000,1,Central,174,2,888,TRESPASSING,"2004 1501",0,X,X,502,"MULTI-UNIT DWELLING (APARTMENT, DUPLEX, ETC)",,,IC,"Invest Cont",888.0,998.0,NULL,NULL
200100969,2020-08-25,2020-08-24,1800,1,Central,162,2,649,"DOCUMENT FORGERY / STOLEN FELONY","2004 1822 1402",0,M,W,602,BANK,,,IC,"Invest Cont",649.0,998.0,NULL,NULL
200100970,2020-08-25,2020-08-25,1810,1,Central,142,1,210,ROBBERY,"0344 2004 1822 1402 1227",27,M,H,203,"OTHER BUSINESS",400.0,"STRONG-ARM (HANDS, FIST, FEET OR BODILY FORCE)",IC,"Invest Cont",210.0,998.0,NULL,NULL
200100971,2020-08-27,2020-08-27,1515,1,Central,163,1,341,"THEFT-GRAND ($950.01 & OVER)EXCPT,GUNS,FOWL,LIVESTK,PROD","1402 0344 0104 0325 0352 1822",40,M,O,203,"OTHER BUSINESS",,,IC,"Invest Cont",341.0,998.0,NULL,NULL
200100973,2020-08-28,2020-08-28,530,1,Central,111,1,121,"RAPE, FORCIBLE","1402 1218 2034 1822 0500 0519 2033 0527 2004",61,F,W,102,SIDEWALK,400.0,"STRONG-ARM (HANDS, FIST, FEET OR BODILY FORCE)",IC,"Invest Cont",121.0,998.0,NULL,NULL
200100976,2020-08-30,2020-08-28,1900,1,Central,162,2,740,"VANDALISM - FELONY ($400 & OVER, ALL CHURCH VANDALISMS)","0329 1822 1414 1402",0,X,X,203,"OTHER BUSINESS",106.0,"UNKNOWN FIREARM",IC,"Invest Cont",740.0,998.0,NULL,NULL
200100982,2020-09-04,2020-08-18,1430,1,Central,154,1,330,"BURGLARY FROM VEHICLE","1822 1300 1605 1202 0344",69,M,W,123,"PARKING UNDERGROUND/BUILDING",,,IC,"Invest Cont",330.0,,NULL,NULL
200100983,2020-09-06,2020-09-05,2100,1,Central,161,1,210,ROBBERY,"0302 0344 1822",20,F,W,123,"PARKING UNDERGROUND/BUILDING",102.0,"HAND GUN",IC,"Invest Cont",210.0,,NULL,NULL
200100992,2020-09-11,2020-09-09,2200,1,Central,166,1,440,"THEFT PLAIN - PETTY ($950 & UNDER)","2032 1218 1822 0344 1402",47,F,B,101,STREET,,,IC,"Invest Cont",440.0,998.0,NULL,NULL
200100993,2020-09-12,2020-09-11,2330,1,Central,142,2,888,TRESPASSING,"1402 2004 1822",0,M,W,503,HOTEL,,,IC,"Invest Cont",888.0,998.0,NULL,NULL
200100994,2020-09-12,2020-09-12,1245,1,Central,162,2,740,"VANDALISM - FELONY ($400 & OVER, ALL CHURCH VANDALISMS)","1402 0329 0345",34,M,W,602,BANK,,,IC,"Invest Cont",740.0,998.0,NULL,NULL
200100995,2020-09-12,2020-09-12,400,1,Central,154,1,121,"RAPE, FORCIBLE","1820 1262 1206 1415 2004 1402 1218 2060 2034 0913",31,F,H,102,SIDEWALK,400.0,"STRONG-ARM (HANDS, FIST, FEET OR BODILY FORCE)",IC,"Invest Cont",121.0,998.0,NULL,NULL
200101017,2020-09-20,2020-09-20,1800,1,Central,185,1,210,ROBBERY,"0917 1309 1313 0334 0337 0344 1100 0369 1822",50,M,H,108,"PARKING LOT",101.0,REVOLVER,IC,"Invest Cont",210.0,,NULL,NULL
200101018,2020-09-24,2020-09-23,2200,1,Central,124,2,740,"VANDALISM - FELONY ($400 & OVER, ALL CHURCH VANDALISMS)","0329 1822",0,M,W,726,"POLICE FACILITY",,,IC,"Invest Cont",740.0,,NULL,NULL
200101025,2020-09-27,2020-09-26,105,1,Central,182,2,740,"VANDALISM - FELONY ($400 & OVER, ALL CHURCH VANDALISMS)",0329,0,M,W,101,STREET,,,IC,"Invest Cont",740.0,,NULL,NULL
200101026,2020-09-27,2020-09-27,245,1,Central,192,1,230,"ASSAULT WITH DEADLY WEAPON, AGGRAVATED ASSAULT","2033 1309 1414 1407 1100 0430 1822",28,M,H,102,SIDEWALK,102.0,"HAND GUN",IC,"Invest Cont",230.0,998.0,NULL,NULL
200101040,2020-10-03,2020-10-03,100,1,Central,164,2,624,"BATTERY - SIMPLE ASSAULT","0416 0913 0361",53,F,W,502,"MULTI-UNIT DWELLING (APARTMENT, DUPLEX, ETC)",400.0,"STRONG-ARM (HANDS, FIST, FEET OR BODILY FORCE)",IC,"Invest Cont",624.0,,NULL,NULL
200101046,2020-10-05,2020-10-05,1620,1,Central,182,1,210,ROBBERY,"1402 1822 1414 0429 1309 0337 0344 0416 0444",29,M,A,605,"AUTOMATED TELLER MACHINE (ATM)",400.0,"STRONG-ARM (HANDS, FIST, FEET OR BODILY FORCE)",IC,"Invest Cont",210.0,,NULL,NULL
200101047,2020-10-06,2020-10-05,2010,1,Central,162,2,740,"VANDALISM - FELONY ($400 & OVER, ALL CHURCH VANDALISMS)","0329 1402 1822",0,M,W,702,"OFFICE BUILDING/OFFICE",,,IC,"Invest Cont",740.0,998.0,NULL,NULL
200101048,2020-10-06,2020-10-06,130,1,Central,155,1,761,"BRANDISH WEAPON","0334 2004 0421 1218 0913",52,M,B,102,SIDEWALK,302.0,"BLUNT INSTRUMENT",IC,"Invest Cont",761.0,998.0,NULL,NULL
200101053,2020-10-11,2020-10-11,1930,1,Central,148,1,230,"ASSAULT WITH DEADLY WEAPON, AGGRAVATED ASSAULT","1100 0430 1822 1202 1414 0906",70,M,B,102,SIDEWALK,102.0,"HAND GUN",IC,"Invest Cont",230.0,998.0,NULL,NULL
200101056,2020-10-13,2020-10-11,2145,1,Central,182,2,740,"VANDALISM - FELONY ($400 & OVER, ALL CHURCH VANDALISMS)","1420 1822 0329",0,M,O,702,"OFFICE BUILDING/OFFICE",,,IC,"Invest Cont",740.0,,NULL,NULL
200101058,2020-10-14,2020-10-14,1923,1,Central,157,1,230,"ASSAULT WITH DEADLY WEAPON, AGGRAVATED ASSAULT","0416 0417 1218 0411 0431 0419 0429 1420 1414 1822",35,F,B,102,SIDEWALK,400.0,"STRONG-ARM (HANDS, FIST, FEET OR BODILY FORCE)",IC,"Invest Cont",230.0,,NULL,NULL
200101059,2020-10-14,2020-10-11,1800,1,Central,195,1,121,"RAPE, FORCIBLE","1402 1415 1218 0413 1262 0527 0421 0913 2034 2004",25,F,W,502,"MULTI-UNIT DWELLING (APARTMENT, DUPLEX, ETC)",400.0,"STRONG-ARM (HANDS, FIST, FEET OR BODILY FORCE)",IC,"Invest Cont",121.0,998.0,NULL,NULL
200101062,2020-10-17,2020-10-16,1520,1,Central,128,1,210,ROBBERY,"1402 0344 0444 0913 0377 0371 0429",19,M,H,108,"PARKING LOT",400.0,"STRONG-ARM (HANDS, FIST, FEET OR BODILY FORCE)",IC,"Invest Cont",210.0,998.0,NULL,NULL
200101067,2020-10-23,2020-10-22,200,1,Central,152,1,121,"RAPE, FORCIBLE","1415 0400 1218 1822 2004",33,F,O,102,SIDEWALK,400.0,"STRONG-ARM (HANDS, FIST, FEET OR BODILY FORCE)",IC,"Invest Cont",121.0,998.0,NULL,NULL
200101074,2020-10-25,2020-10-25,2100,1,Central,192,1,421,"THEFT FROM MOTOR VEHICLE - ATTEMPT","1606 1822 1402",25,F,H,101,STREET,,,IC,"Invest Cont",421.0,998.0,NULL,NULL
200101075,2020-10-26,2020-10-26,1540,1,Central,192,1,251,"SHOTS FIRED AT INHABITED DWELLING","1100 1822 1414 1407 1402",0,X,X,502,"MULTI-UNIT DWELLING (APARTMENT, DUPLEX, ETC)",106.0,"UNKNOWN FIREARM",IC,"Invest Cont",251.0,998.0,NULL,NULL
200101077,2020-10-27,2020-10-27,2300,1,Central,162,2,740,"VANDALISM - FELONY ($400 & OVER, ALL CHURCH VANDALISMS)","0329 1300 1822 1307",0,X,X,122,"VEHICLE, PASSENGER/TRUCK",500.0,"UNKNOWN WEAPON/OTHER WEAPON",IC,"Invest Cont",740.0,,NULL,NULL
200101079,2020-10-30,2020-10-30,1625,1,Central,161,2,624,"BATTERY - SIMPLE ASSAULT","1402 1218 2004 0416 1822",33,F,B,102,SIDEWALK,400.0,"STRONG-ARM (HANDS, FIST, FEET OR BODILY FORCE)",IC,"Invest Cont",624.0,998.0,NULL,NULL
200101080,2020-10-30,2020-10-30,1900,1,Central,192,2,626,"INTIMATE PARTNER - SIMPLE ASSAULT","2000 1814 0913 2002 0416",57,F,H,502,"MULTI-UNIT DWELLING (APARTMENT, DUPLEX, ETC)",400.0,"STRONG-ARM (HANDS, FIST, FEET OR BODILY FORCE)",IC,"Invest Cont",626.0,,NULL,NULL
200101088,2020-11-01,2020-10-29,1600,1,Central,159,1,310,BURGLARY,"0344 1402 1607 1822 1414 1420 0329",33,F,W,404,"DEPARTMENT STORE",,,IC,"Invest Cont",310.0,998.0,NULL,NULL
200101091,2020-11-02,2020-11-02,2035,1,Central,124,1,761,"BRANDISH WEAPON","1266 0334 2004 1822",35,F,H,102,SIDEWALK,204.0,"FOLDING KNIFE",IC,"Invest Cont",761.0,,NULL,NULL
200101095,2020-11-06,2020-11-06,2240,1,Central,154,1,475,"THEFT, COIN MACHINE - ATTEMPT","1402 0344 1822",0,X,X,502,"MULTI-UNIT DWELLING (APARTMENT, DUPLEX, ETC)",500.0,"UNKNOWN WEAPON/OTHER WEAPON",IC,"Invest Cont",475.0,,NULL,NULL
200101096,2020-11-06,2020-11-03,2230,1,Central,132,1,210,ROBBERY,"0344 0945 1822 0421 1420",0,X,X,402,MARKET,207.0,"OTHER KNIFE",IC,"Invest Cont",210.0,,NULL,NULL
200101100,2020-11-08,2020-11-08,1330,1,Central,128,2,624,"BATTERY - SIMPLE ASSAULT","1218 0917 1266 0444 0417",36,M,H,101,STREET,400.0,"STRONG-ARM (HANDS, FIST, FEET OR BODILY FORCE)",IC,"Invest Cont",624.0,,NULL,NULL
200101101,2020-11-08,2020-11-08,2128,1,Central,158,1,230,"ASSAULT WITH DEADLY WEAPON, AGGRAVATED ASSAULT","1100 1407 0430 1822 1414 1420 0906",23,M,B,101,STREET,102.0,"HAND GUN",IC,"Invest Cont",230.0,998.0,NULL,NULL
200101104,2020-11-09,2020-11-09,2235,1,Central,157,1,230,"ASSAULT WITH DEADLY WEAPON, AGGRAVATED ASSAULT","1218 1100 0430 1822 1414 1402 1407",28,M,H,101,STREET,106.0,"UNKNOWN FIREARM",IC,"Invest Cont",230.0,998.0,NULL,NULL
200101105,2020-11-10,2020-11-09,2200,1,Central,162,1,341,"THEFT-GRAND ($950.01 & OVER)EXCPT,GUNS,FOWL,LIVESTK,PROD","0344 1822 1414",32,M,B,502,"MULTI-UNIT DWELLING (APARTMENT, DUPLEX, ETC)",,,IC,"Invest Cont",341.0,,NULL,NULL
200101109,2020-11-12,2020-11-11,2250,1,Central,182,1,330,"BURGLARY FROM VEHICLE","1602 0344 0397 1300 0352 1822 1402 0329",33,M,B,108,"PARKING LOT",,,IC,"Invest Cont",330.0,,NULL,NULL
200101110,2020-11-12,2020-11-12,515,1,Central,162,2,753,"DISCHARGE FIREARMS/SHOTS FIRED","1407 0329 0344 1822 1300 1414 1100 1402",33,M,B,108,"PARKING LOT",107.0,"OTHER FIREARM",IC,"Invest Cont",753.0,998.0,NULL,NULL
200101111,2020-11-13,2020-11-11,1100,1,Central,162,1,331,"THEFT FROM MOTOR VEHICLE - GRAND ($950.01 AND OVER)","0344 1606 1822 1300",25,F,B,108,"PARKING LOT",,,IC,"Invest Cont",331.0,,NULL,NULL
200101118,2020-11-17,2020-11-17,2255,1,Central,185,1,230,"ASSAULT WITH DEADLY WEAPON, AGGRAVATED ASSAULT","1414 1407 1100 2033 1402 0417 0429 0430 1822",35,M,B,101,STREET,102.0,"HAND GUN",IC,"Invest Cont",230.0,998.0,NULL,NULL
200101126,2020-11-21,2020-03-01,1200,1,Central,119,1,310,BURGLARY,"0910 1822 1414 1605 0344 1271 1402",52,M,H,834,"LA UNION STATION (NOT LINE SPECIFIC)",,,IC,"Invest Cont",310.0,998.0,NULL,NULL
200101132,2020-11-16,2020-11-16,1940,1,Central,124,2,740,"VANDALISM - FELONY ($400 & OVER, ALL CHURCH VANDALISMS)","1414 0329 1822 1609",0,X,X,725,"GOVERNMENT FACILITY (FEDERAL,STATE, COUNTY & CITY)",306.0,"ROCK/THROWN OBJECT",IC,"Invest Cont",740.0,,NULL,NULL
200101136,2020-11-24,2020-11-21,2140,1,Central,162,1,815,"SEXUAL PENETRATION W/FOREIGN OBJECT","0515 0532 1402 1415 1409 0522 0448 0510",26,F,H,502,"MULTI-UNIT DWELLING (APARTMENT, DUPLEX, ETC)",400.0,"STRONG-ARM (HANDS, FIST, FEET OR BODILY FORCE)",IC,"Invest Cont",815.0,998.0,NULL,NULL
200101138,2020-11-25,2020-11-25,1345,1,Central,119,2,624,"BATTERY - SIMPLE ASSAULT","0910 0917 1266 0444 1822",60,F,B,834,"LA UNION STATION (NOT LINE SPECIFIC)",400.0,"STRONG-ARM (HANDS, FIST, FEET OR BODILY FORCE)",IC,"Invest Cont",624.0,888.0,NULL,NULL
200101140,2020-11-26,2020-11-26,2200,1,Central,139,2,740,"VANDALISM - FELONY ($400 & OVER, ALL CHURCH VANDALISMS)","0910 0329 1822 1414",0,X,X,834,"LA UNION STATION (NOT LINE SPECIFIC)",,,IC,"Invest Cont",740.0,,NULL,NULL
200101141,2020-11-27,2020-11-27,1200,1,Central,195,2,900,"VIOLATION OF COURT ORDER","0913 2004 0554 1402",36,F,W,710,"OTHER PREMISE",400.0,"STRONG-ARM (HANDS, FIST, FEET OR BODILY FORCE)",IC,"Invest Cont",900.0,998.0,NULL,NULL
200101149,2020-12-05,2020-12-05,1935,1,Central,157,1,761,"BRANDISH WEAPON","1218 2004 0913 1402 0334",51,M,W,503,HOTEL,200.0,"KNIFE WITH BLADE 6INCHES OR LESS",IC,"Invest Cont",761.0,998.0,NULL,NULL
200101153,2020-12-07,2020-12-06,1800,1,Central,176,2,740,"VANDALISM - FELONY ($400 & OVER, ALL CHURCH VANDALISMS)","1402 0329 1307",37,F,B,122,"VEHICLE, PASSENGER/TRUCK",,,IC,"Invest Cont",740.0,998.0,NULL,NULL
200101154,2020-12-07,2020-12-07,1845,1,Central,157,1,210,ROBBERY,"0302 0377 1822 0305 0334 0344",43,M,H,102,SIDEWALK,102.0,"HAND GUN",IC,"Invest Cont",210.0,,NULL,NULL
200101157,2020-12-11,2020-12-11,700,1,Central,124,2,740,"VANDALISM - FELONY ($400 & OVER, ALL CHURCH VANDALISMS)","0329 1822 1414",0,X,X,702,"OFFICE BUILDING/OFFICE",,,IC,"Invest Cont",740.0,,NULL,NULL
200101165,2020-12-20,2020-12-20,1555,1,Central,161,1,210,ROBBERY,"2004 2028 0344 0416 1822 1420",23,M,H,103,ALLEY,400.0,"STRONG-ARM (HANDS, FIST, FEET OR BODILY FORCE)",IC,"Invest Cont",210.0,,NULL,NULL
200101166,2020-12-23,2020-12-12,900,1,Central,139,1,310,BURGLARY,"1402 0321 0344 1822 1607 0329 0352",44,F,W,502,"MULTI-UNIT DWELLING (APARTMENT, DUPLEX, ETC)",500.0,"UNKNOWN WEAPON/OTHER WEAPON",IC,"Invest Cont",310.0,998.0,NULL,NULL
200101167,2020-12-26,2020-12-26,1930,1,Central,161,1,442,"SHOPLIFTING - PETTY THEFT ($950 & UNDER)","1402 0325 1822 0907",0,X,X,404,"DEPARTMENT STORE",,,IC,"Invest Cont",442.0,998.0,NULL,NULL
200101168,2020-12-28,2020-12-28,1845,1,Central,153,1,442,"SHOPLIFTING - PETTY THEFT ($950 & UNDER)","0345 1822 0344 1420 0325 1402",0,X,X,248,"CELL PHONE STORE",,,IC,"Invest Cont",442.0,,NULL,NULL
200101170,2020-12-30,2020-12-30,2230,1,Central,156,1,210,ROBBERY,"1202 0377 1420 0344 0305 0444 0429 2004 1218 1822",63,M,B,102,SIDEWALK,400.0,"STRONG-ARM (HANDS, FIST, FEET OR BODILY FORCE)",IC,"Invest Cont",210.0,,NULL,NULL
200104020,2020-01-01,2020-01-01,245,1,Central,153,1,350,"THEFT, PERSON","0344 0416 0446 1822",44,M,B,102,SIDEWALK,400.0,"STRONG-ARM (HANDS, FIST, FEET OR BODILY FORCE)",IC,"Invest Cont",350.0,624.0,NULL,NULL
200104024,2020-01-01,2020-01-01,325,1,Central,134,2,740,"VANDALISM - FELONY ($400 & OVER, ALL CHURCH VANDALISMS)",0329,41,M,A,122,"VEHICLE, PASSENGER/TRUCK",,,IC,"Invest Cont",740.0,,NULL,NULL
200104027,2020-01-01,2020-01-01,30,1,Central,182,2,930,"CRIMINAL THREATS - NO WEAPON DISPLAYED","0416 0421 1822",57,M,O,108,"PARKING LOT",400.0,"STRONG-ARM (HANDS, FIST, FEET OR BODILY FORCE)",IC,"Invest Cont",930.0,,NULL,NULL
200104033,2020-01-01,2020-01-01,230,1,Central,143,2,626,"INTIMATE PARTNER - SIMPLE ASSAULT","0416 2000",25,M,W,101,STREET,400.0,"STRONG-ARM (HANDS, FIST, FEET OR BODILY FORCE)",IC,"Invest Cont",626.0,,NULL,NULL
200104035,2020-01-01,2020-01-01,230,1,Central,111,1,310,BURGLARY,"0344 1822 1414 1605",34,F,B,502,"MULTI-UNIT DWELLING (APARTMENT, DUPLEX, ETC)",,,IC,"Invest Cont",310.0,,NULL,NULL
200104036,2020-01-01,2020-01-01,500,1,Central,119,2,860,"BATTERY WITH SEXUAL CONTACT","1218 1822 0910 0522 0408 0448 2015 1000",18,F,B,900,"MTA - RED LINE - UNION STATION",400.0,"STRONG-ARM (HANDS, FIST, FEET OR BODILY FORCE)",IC,"Invest Cont",860.0,,NULL,NULL
200104038,2020-01-01,2020-01-01,1200,1,Central,157,1,230,"ASSAULT WITH DEADLY WEAPON, AGGRAVATED ASSAULT","0337 0340 0416 0445 1822 1218 2021 1019",57,M,B,102,SIDEWALK,500.0,"UNKNOWN WEAPON/OTHER WEAPON",IC,"Invest Cont",230.0,,NULL,NULL
200104039,2020-01-01,2020-01-01,344,1,Central,162,2,745,"VANDALISM - MISDEAMEANOR ($399 OR UNDER)",0329,55,M,H,203,"OTHER BUSINESS",,,IC,"Invest Cont",745.0,,NULL,NULL
200104041,2020-01-01,2020-01-01,1030,1,Central,192,1,480,"BIKE - STOLEN","1822 2032 0344",23,M,A,210,"RESTAURANT/FAST FOOD",,,IC,"Invest Cont",480.0,,NULL,NULL
200104043,2020-01-01,2020-01-01,1200,1,Central,112,2,745,"VANDALISM - MISDEAMEANOR ($399 OR UNDER)","0329 1218",55,M,H,122,"VEHICLE, PASSENGER/TRUCK",,,IC,"Invest Cont",745.0,,NULL,NULL
200104047,2020-01-01,2020-01-01,905,1,Central,153,2,623,"BATTERY POLICE (SIMPLE)","2004 1212 0917 0910 1822 0417 2048",0,X,X,902,"MTA - RED LINE - PERSHING SQUARE",400.0,"STRONG-ARM (HANDS, FIST, FEET OR BODILY FORCE)",IC,"Invest Cont",623.0,,NULL,NULL
200104048,2020-01-01,2020-01-01,905,1,Central,153,2,623,"BATTERY POLICE (SIMPLE)","2004 1212 0917 0910 1822 0417 2048",0,X,X,902,"MTA - RED LINE - PERSHING SQUARE",400.0,"STRONG-ARM (HANDS, FIST, FEET OR BODILY FORCE)",IC,"Invest Cont",623.0,,NULL,NULL
200104051,2020-01-01,2020-01-01,200,1,Central,161,1,440,"THEFT PLAIN - PETTY ($950 & UNDER)",0344,22,F,A,735,"NIGHT CLUB (OPEN EVENINGS ONLY)",,,IC,"Invest Cont",440.0,,NULL,NULL
200104054,2020-01-02,2020-01-01,2330,1,Central,135,2,624,"BATTERY - SIMPLE ASSAULT","0416 1266 2004",28,M,B,502,"MULTI-UNIT DWELLING (APARTMENT, DUPLEX, ETC)",400.0,"STRONG-ARM (HANDS, FIST, FEET OR BODILY FORCE)",IC,"Invest Cont",624.0,,NULL,NULL
200104057,2020-01-02,2020-01-01,2045,1,Central,176,1,230,"ASSAULT WITH DEADLY WEAPON, AGGRAVATED ASSAULT","1218 1822 0411",43,M,B,101,STREET,218.0,"OTHER CUTTING INSTRUMENT",IC,"Invest Cont",230.0,,NULL,NULL
200104058,2020-01-02,2020-01-01,1940,1,Central,135,2,624,"BATTERY - SIMPLE ASSAULT","1218 1822 0416 2034 0371",46,M,H,102,SIDEWALK,400.0,"STRONG-ARM (HANDS, FIST, FEET OR BODILY FORCE)",IC,"Invest Cont",624.0,,NULL,NULL
200104060,2020-01-02,2020-01-01,1800,1,Central,153,2,624,"BATTERY - SIMPLE ASSAULT","0416 1822 2004",56,F,O,101,STREET,400.0,"STRONG-ARM (HANDS, FIST, FEET OR BODILY FORCE)",IC,"Invest Cont",624.0,,NULL,NULL
200104063,2020-01-01,2020-01-01,2030,1,Central,162,1,341,"THEFT-GRAND ($950.01 & OVER)EXCPT,GUNS,FOWL,LIVESTK,PROD","1822 0344 2032",55,F,O,108,"PARKING LOT",,,IC,"Invest Cont",341.0,,NULL,NULL
200104065,2020-01-01,2020-01-01,1830,1,Central,118,2,745,"VANDALISM - MISDEAMEANOR ($399 OR UNDER)","1822 0329 1609",55,M,H,502,"MULTI-UNIT DWELLING (APARTMENT, DUPLEX, ETC)",,,IC,"Invest Cont",745.0,,NULL,NULL
200104066,2020-01-01,2020-01-01,2315,1,Central,182,2,745,"VANDALISM - MISDEAMEANOR ($399 OR UNDER)","1822 0329 0910",0,X,X,122,"VEHICLE, PASSENGER/TRUCK",,,IC,"Invest Cont",745.0,,NULL,NULL
200104069,2020-01-02,2020-01-02,545,1,Central,111,1,310,BURGLARY,"1822 1414 0344 1609",0,X,X,210,"RESTAURANT/FAST FOOD",500.0,"UNKNOWN WEAPON/OTHER WEAPON",IC,"Invest Cont",310.0,,NULL,NULL
200104073,2020-01-02,2020-01-02,345,1,Central,143,1,510,"VEHICLE - STOLEN",,0,,,108,"PARKING LOT",,,IC,"Invest Cont",510.0,,NULL,NULL
200104075,2020-01-02,2020-01-01,2000,1,Central,166,1,440,"THEFT PLAIN - PETTY ($950 & UNDER)","1822 0344 1218",67,M,B,502,"MULTI-UNIT DWELLING (APARTMENT, DUPLEX, ETC)",,,IC,"Invest Cont",440.0,,NULL,NULL
200104076,2020-01-01,2020-01-01,300,1,Central,153,1,341,"THEFT-GRAND ($950.01 & OVER)EXCPT,GUNS,FOWL,LIVESTK,PROD","0344 2034 1822",57,M,B,502,"MULTI-UNIT DWELLING (APARTMENT, DUPLEX, ETC)",,,IC,"Invest Cont",341.0,,NULL,NULL
200104077,2020-01-02,2020-01-01,2030,1,Central,195,1,330,"BURGLARY FROM VEHICLE","0344 1307 1822 0329 1609",37,F,H,101,STREET,,,IC,"Invest Cont",330.0,,NULL,NULL
200104078,2020-01-02,2020-01-02,820,1,Central,162,1,210,ROBBERY,"0334 0325 1822 0443",0,X,X,403,"DRUG STORE",218.0,"OTHER CUTTING INSTRUMENT",IC,"Invest Cont",210.0,,NULL,NULL
200104082,2020-01-02,2020-01-02,1225,1,Central,153,2,624,"BATTERY - SIMPLE ASSAULT",0416,60,M,O,101,STREET,400.0,"STRONG-ARM (HANDS, FIST, FEET OR BODILY FORCE)",IC,"Invest Cont",624.0,,NULL,NULL
200104090,2020-01-02,2020-01-02,1305,1,Central,162,1,442,"SHOPLIFTING - PETTY THEFT ($950 & UNDER)",0344,0,M,H,404,"DEPARTMENT STORE",,,IC,"Invest Cont",442.0,,NULL,NULL
200104092,2020-01-02,2020-01-01,1200,1,Central,111,1,310,BURGLARY,"1822 0344 1602 0329",51,M,O,707,GARAGE/CARPORT,,,IC,"Invest Cont",310.0,,NULL,NULL
200104101,2020-01-02,2020-01-02,800,1,Central,131,2,626,"INTIMATE PARTNER - SIMPLE ASSAULT","2000 1814 0416 0417 2002",38,M,B,502,"MULTI-UNIT DWELLING (APARTMENT, DUPLEX, ETC)",400.0,"STRONG-ARM (HANDS, FIST, FEET OR BODILY FORCE)",IC,"Invest Cont",626.0,,NULL,NULL
200104118,2020-01-02,2020-01-02,1600,1,Central,159,2,624,"BATTERY - SIMPLE ASSAULT","0400 2033 1822",36,F,B,203,"OTHER BUSINESS",400.0,"STRONG-ARM (HANDS, FIST, FEET OR BODILY FORCE)",IC,"Invest Cont",624.0,,NULL,NULL
200104120,2020-01-02,2020-01-02,1450,1,Central,158,1,310,BURGLARY,"1822 1218 0344 1206 1605",59,M,H,516,"SINGLE RESIDENCE OCCUPANCY (SRO'S) LOCATIONS",,,IC,"Invest Cont",310.0,,NULL,NULL
200104126,2020-01-02,2020-01-02,1215,1,Central,162,1,442,"SHOPLIFTING - PETTY THEFT ($950 & UNDER)",0344,32,M,H,406,"OTHER STORE",,,IC,"Invest Cont",442.0,,NULL,NULL
200104127,2020-01-02,2020-01-02,1130,1,Central,138,2,888,TRESPASSING,"2004 0913",44,F,B,123,"PARKING UNDERGROUND/BUILDING",,,IC,"Invest Cont",888.0,,NULL,NULL
200104129,2020-01-02,2020-01-02,320,1,Central,124,1,230,"ASSAULT WITH DEADLY WEAPON, AGGRAVATED ASSAULT","0416 1822 1218 2004 1202",60,F,W,101,STREET,515.0,"PHYSICAL PRESENCE",IC,"Invest Cont",230.0,,NULL,NULL
200104132,2020-01-02,2020-01-02,1915,1,Central,182,1,330,"BURGLARY FROM VEHICLE","1609 0344 1307 1822",31,M,W,108,"PARKING LOT",,,IC,"Invest Cont",330.0,,NULL,NULL
200104135,2020-01-02,2020-01-02,2000,1,Central,142,1,440,"THEFT PLAIN - PETTY ($950 & UNDER)","0344 1218 1810 2032",30,M,W,101,STREET,,,IC,"Invest Cont",440.0,,NULL,NULL
200104138,2020-01-02,2020-01-02,1740,1,Central,111,1,230,"ASSAULT WITH DEADLY WEAPON, AGGRAVATED ASSAULT","2004 0411 0400 1822 0445",40,M,H,203,"OTHER BUSINESS",216.0,SCISSORS,IC,"Invest Cont",230.0,,NULL,NULL
200104139,2020-01-02,2020-01-02,2210,1,Central,162,2,888,TRESPASSING,"1501 2004",34,M,O,210,"RESTAURANT/FAST FOOD",,,IC,"Invest Cont",888.0,,NULL,NULL
200104141,2020-01-02,2020-01-02,2120,1,Central,162,2,624,"BATTERY - SIMPLE ASSAULT","0416 1822 0429",45,M,O,203,"OTHER BUSINESS",400.0,"STRONG-ARM (HANDS, FIST, FEET OR BODILY FORCE)",IC,"Invest Cont",624.0,,NULL,NULL
200104150,2020-01-03,2020-01-02,2200,1,Central,158,2,624,"BATTERY - SIMPLE ASSAULT","0416 1218 2004 1202 2034",62,M,B,102,SIDEWALK,308.0,STICK,IC,"Invest Cont",624.0,,NULL,NULL
200104187,2020-01-03,2020-01-01,1845,1,Central,162,1,442,"SHOPLIFTING - PETTY THEFT ($950 & UNDER)",0344,20,F,H,404,"DEPARTMENT STORE",,,IC,"Invest Cont",442.0,,NULL,NULL
200104192,2020-01-03,2020-01-03,930,1,Central,124,2,745,"VANDALISM - MISDEAMEANOR ($399 OR UNDER)","0329 0447",0,X,X,102,SIDEWALK,,,IC,"Invest Cont",745.0,,NULL,NULL
200104196,2020-01-03,2020-01-03,1020,1,Central,153,2,930,"CRIMINAL THREATS - NO WEAPON DISPLAYED","1528 2053 0910 0421 2036 1822 0903",67,M,O,902,"MTA - RED LINE - PERSHING SQUARE",511.0,"VERBAL THREAT",IC,"Invest Cont",930.0,,NULL,NULL
200104201,2020-01-03,2020-01-01,130,1,Central,132,1,330,"BURGLARY FROM VEHICLE","1822 1307 0344 0329",51,M,H,101,STREET,,,IC,"Invest Cont",330.0,,NULL,NULL
200104204,2020-01-03,2020-01-02,1115,1,Central,154,1,440,"THEFT PLAIN - PETTY ($950 & UNDER)","1822 1218 1000 0345 0344",23,M,B,101,STREET,,,IC,"Invest Cont",440.0,,NULL,NULL
200104205,2020-01-03,2020-01-03,1315,1,Central,128,1,440,"THEFT PLAIN - PETTY ($950 & UNDER)","1822 1218 0344 2032",29,M,B,101,STREET,,,IC,"Invest Cont",440.0,,NULL,NULL
200104209,2020-01-03,2020-01-03,1830,1,Central,152,2,624,"BATTERY - SIMPLE ASSAULT","1218 0913 0340 0416 1268",24,M,H,102,SIDEWALK,400.0,"STRONG-ARM (HANDS, FIST, FEET OR BODILY FORCE)",IC,"Invest Cont",624.0,,NULL,NULL
200104221,2020-01-03,2020-01-03,1200,1,Central,166,1,761,"BRANDISH WEAPON","1218 1822 0443",51,F,B,502,"MULTI-UNIT DWELLING (APARTMENT, DUPLEX, ETC)",215.0,MACHETE,IC,"Invest Cont",761.0,,NULL,NULL
200104223,2020-01-03,2020-01-03,1839,1,Central,154,2,745,"VANDALISM - MISDEAMEANOR ($399 OR UNDER)",0329,32,M,W,122,"VEHICLE, PASSENGER/TRUCK",,,IC,"Invest Cont",745.0,,NULL,NULL
200104224,2020-01-03,2020-01-03,1800,1,Central,162,1,442,"SHOPLIFTING - PETTY THEFT ($950 & UNDER)","1402 0344 2004 0378",23,M,H,406,"OTHER STORE",,,IC,"Invest Cont",442.0,998.0,NULL,NULL
200104227,2020-01-04,2020-01-03,1800,1,Central,162,1,442,"SHOPLIFTING - PETTY THEFT ($950 & UNDER)","1402 0907 2004 0344",35,M,W,406,"OTHER STORE",,,IC,"Invest Cont",442.0,998.0,NULL,NULL
200104228,2020-01-04,2020-01-03,1850,1,Central,159,1,210,ROBBERY,"0305 1309 0355 0334 0302 0344 1822",28,M,H,101,STREET,102.0,"HAND GUN",IC,"Invest Cont",210.0,,NULL,NULL
200104230,2020-01-04,2020-01-03,2100,1,Central,162,1,420,"THEFT FROM MOTOR VEHICLE - PETTY ($950 & UNDER)",,0,,,101,STREET,,,IC,"Invest Cont",420.0,,NULL,NULL
200104231,2020-01-03,2020-01-03,2220,1,Central,148,1,230,"ASSAULT WITH DEADLY WEAPON, AGGRAVATED ASSAULT","1218 1310 0411 1822 0319",58,M,H,101,STREET,204.0,"FOLDING KNIFE",IC,"Invest Cont",230.0,,NULL,NULL
200104233,2020-01-03,2020-01-03,1645,1,Central,145,1,341,"THEFT-GRAND ($950.01 & OVER)EXCPT,GUNS,FOWL,LIVESTK,PROD","1218 0377 0913 0344",57,M,W,502,"MULTI-UNIT DWELLING (APARTMENT, DUPLEX, ETC)",,,IC,"Invest Cont",341.0,,NULL,NULL
200104234,2020-01-04,2020-01-03,2100,1,Central,135,1,440,"THEFT PLAIN - PETTY ($950 & UNDER)","0377 1822 2032 0344",27,F,H,210,"RESTAURANT/FAST FOOD",,,IC,"Invest Cont",440.0,,NULL,NULL
200104235,2020-01-04,2020-01-03,2200,1,Central,159,1,330,"BURGLARY FROM VEHICLE","1822 0377 0329 1307 0344",30,F,H,101,STREET,,,IC,"Invest Cont",330.0,,NULL,NULL
200104236,2020-01-03,2020-01-03,1630,1,Central,161,1,330,"BURGLARY FROM VEHICLE","0344 0321 1822 0386",30,M,B,101,STREET,,,IC,"Invest Cont",330.0,,NULL,NULL
200104237,2020-01-04,2020-01-04,500,1,Central,192,1,330,"BURGLARY FROM VEHICLE","1307 1822 0377 0344",31,M,B,101,STREET,,,IC,"Invest Cont",330.0,,NULL,NULL
200104238,2020-01-03,2020-01-03,1840,1,Central,182,1,330,"BURGLARY FROM VEHICLE","1307 1822 1414 0329 0344",0,X,X,108,"PARKING LOT",,,IC,"Invest Cont",330.0,,NULL,NULL
200104240,2020-01-04,2020-01-02,1100,1,Central,105,1,331,"THEFT FROM MOTOR VEHICLE - GRAND ($950.01 AND OVER)",0344,30,M,H,108,"PARKING LOT",,,IC,"Invest Cont",331.0,,NULL,NULL
200104243,2020-01-03,2020-01-03,100,1,Central,158,2,624,"BATTERY - SIMPLE ASSAULT","0416 2004 1601",66,M,B,502,"MULTI-UNIT DWELLING (APARTMENT, DUPLEX, ETC)",400.0,"STRONG-ARM (HANDS, FIST, FEET OR BODILY FORCE)",IC,"Invest Cont",624.0,,NULL,NULL
200104244,2020-01-04,2020-01-04,40,1,Central,156,2,624,"BATTERY - SIMPLE ASSAULT",0416,48,F,B,102,SIDEWALK,500.0,"UNKNOWN WEAPON/OTHER WEAPON",IC,"Invest Cont",624.0,,NULL,NULL
200104256,2020-01-04,2020-01-03,1600,1,Central,162,1,420,"THEFT FROM MOTOR VEHICLE - PETTY ($950 & UNDER)",,0,,,707,GARAGE/CARPORT,,,IC,"Invest Cont",420.0,,NULL,NULL
200104263,2020-01-04,2020-01-04,2240,1,Central,195,1,510,"VEHICLE - STOLEN",,0,,,101,STREET,,,IC,"Invest Cont",510.0,,NULL,NULL
200104268,2020-01-04,2020-01-04,1230,1,Central,111,2,624,"BATTERY - SIMPLE ASSAULT","0416 1822 1414 0429",40,F,H,101,STREET,400.0,"STRONG-ARM (HANDS, FIST, FEET OR BODILY FORCE)",IC,"Invest Cont",624.0,,NULL,NULL
200104269,2020-01-04,2020-01-04,500,1,Central,156,2,624,"BATTERY - SIMPLE ASSAULT","0416 1218 2033 1822",57,F,O,102,SIDEWALK,500.0,"UNKNOWN WEAPON/OTHER WEAPON",IC,"Invest Cont",624.0,,NULL,NULL
200104270,2020-01-04,2020-01-04,1630,1,Central,195,1,330,"BURGLARY FROM VEHICLE","1822 0344 1307 1609",32,M,H,108,"PARKING LOT",,,IC,"Invest Cont",330.0,,NULL,NULL
200104275,2020-01-04,2020-01-04,1238,1,Central,161,1,442,"SHOPLIFTING - PETTY THEFT ($950 & UNDER)","1822 0325",0,X,X,402,MARKET,,,IC,"Invest Cont",442.0,,NULL,NULL
200104276,2020-01-04,2020-01-02,2130,1,Central,119,1,440,"THEFT PLAIN - PETTY ($950 & UNDER)","0910 0344",18,M,H,834,"LA UNION STATION (NOT LINE SPECIFIC)",,,IC,"Invest Cont",440.0,,NULL,NULL
200104277,2020-01-05,2020-01-04,2130,1,Central,159,1,330,"BURGLARY FROM VEHICLE","1307 1609 0344",25,M,O,101,STREET,,,IC,"Invest Cont",330.0,,NULL,NULL
200104279,2020-01-04,2020-01-04,1558,1,Central,162,1,442,"SHOPLIFTING - PETTY THEFT ($950 & UNDER)",0325,0,X,X,404,"DEPARTMENT STORE",,,IC,"Invest Cont",442.0,,NULL,NULL
200104281,2020-01-04,2020-01-04,1300,1,Central,156,1,440,"THEFT PLAIN - PETTY ($950 & UNDER)","1218 0344",37,F,W,517,MISSIONS/SHELTERS,,,IC,"Invest Cont",440.0,,NULL,NULL
200104283,2020-01-04,2020-01-04,1755,1,Central,162,1,442,"SHOPLIFTING - PETTY THEFT ($950 & UNDER)","0325 2004",0,X,X,404,"DEPARTMENT STORE",,,IC,"Invest Cont",442.0,,NULL,NULL
200104284,2020-01-04,2020-01-04,15,1,Central,145,2,888,TRESPASSING,1501,67,M,O,502,"MULTI-UNIT DWELLING (APARTMENT, DUPLEX, ETC)",,,IC,"Invest Cont",888.0,,NULL,NULL
200104285,2020-01-05,2020-01-05,200,1,Central,164,2,624,"BATTERY - SIMPLE ASSAULT","1601 0444 0416",26,M,H,203,"OTHER BUSINESS",400.0,"STRONG-ARM (HANDS, FIST, FEET OR BODILY FORCE)",IC,"Invest Cont",624.0,,NULL,NULL
200104286,2020-01-04,2020-01-04,1700,1,Central,162,1,330,"BURGLARY FROM VEHICLE","0344 1307 1609 0329",47,M,H,707,GARAGE/CARPORT,,,IC,"Invest Cont",330.0,,NULL,NULL
200104287,2020-01-04,2020-01-04,2345,1,Central,119,2,624,"BATTERY - SIMPLE ASSAULT","0913 0416 0910 1820 2048",21,F,H,834,"LA UNION STATION (NOT LINE SPECIFIC)",400.0,"STRONG-ARM (HANDS, FIST, FEET OR BODILY FORCE)",IC,"Invest Cont",624.0,,NULL,NULL
200104289,2020-01-05,2020-01-03,2315,1,Central,164,1,440,"THEFT PLAIN - PETTY ($950 & UNDER)","2032 0344",26,F,C,735,"NIGHT CLUB (OPEN EVENINGS ONLY)",,,IC,"Invest Cont",440.0,,NULL,NULL
200104291,2020-01-05,2020-01-04,1900,1,Central,163,1,210,ROBBERY,"0357 0444 0429 0344 1202 1822 0377 1602",64,M,H,102,SIDEWALK,400.0,"STRONG-ARM (HANDS, FIST, FEET OR BODILY FORCE)",IC,"Invest Cont",210.0,,NULL,NULL
200104292,2020-01-05,2020-01-04,1230,1,Central,101,1,440,"THEFT PLAIN - PETTY ($950 & UNDER)","0394 0344",26,F,W,502,"MULTI-UNIT DWELLING (APARTMENT, DUPLEX, ETC)",,,IC,"Invest Cont",440.0,,NULL,NULL
200104293,2020-01-05,2020-01-03,2200,1,Central,105,1,420,"THEFT FROM MOTOR VEHICLE - PETTY ($950 & UNDER)","1300 1822 0377 1606 0321 0344",31,F,B,123,"PARKING UNDERGROUND/BUILDING",,,IC,"Invest Cont",420.0,,NULL,NULL
200104300,2020-01-05,2020-01-04,1915,1,Central,152,2,740,"VANDALISM - FELONY ($400 & OVER, ALL CHURCH VANDALISMS)","0329 1300",39,M,O,122,"VEHICLE, PASSENGER/TRUCK",,,IC,"Invest Cont",740.0,,NULL,NULL
200104302,2020-01-01,2020-01-01,1,1,Central,153,1,440,"THEFT PLAIN - PETTY ($950 & UNDER)","0344 2032",25,F,F,207,BAR/COCKTAIL/NIGHTCLUB,,,IC,"Invest Cont",440.0,,NULL,NULL
200104303,2020-01-05,2020-01-04,1630,1,Central,166,1,510,"VEHICLE - STOLEN",,0,,,108,"PARKING LOT",,,IC,"Invest Cont",510.0,,NULL,NULL
200104310,2020-01-05,2020-01-05,1010,1,Central,118,2,624,"BATTERY - SIMPLE ASSAULT","0416 2004",28,M,H,102,SIDEWALK,400.0,"STRONG-ARM (HANDS, FIST, FEET OR BODILY FORCE)",IC,"Invest Cont",624.0,,NULL,NULL
200104313,2020-01-05,2020-01-04,1430,1,Central,156,1,341,"THEFT-GRAND ($950.01 & OVER)EXCPT,GUNS,FOWL,LIVESTK,PROD","0344 2032 1202 1822 1218",75,M,B,102,SIDEWALK,,,IC,"Invest Cont",341.0,,NULL,NULL
200104316,2020-01-05,2020-01-04,747,1,Central,162,2,930,"CRIMINAL THREATS - NO WEAPON DISPLAYED",0421,32,F,W,502,"MULTI-UNIT DWELLING (APARTMENT, DUPLEX, ETC)",511.0,"VERBAL THREAT",IC,"Invest Cont","700 S  OLIVE                        ST",,34.0467000,-118.2556000
200104319,2020-01-04,2020-01-04,2345,1,Central,127,2,623,"BATTERY POLICE (SIMPLE)","1212 0356",0,X,X,753,"DETENTION/JAIL FACILITY",400.0,"STRONG-ARM (HANDS, FIST, FEET OR BODILY FORCE)",IC,"Invest Cont",623.0,,NULL,NULL
200104320,2020-01-05,2020-01-04,2145,1,Central,164,1,330,"BURGLARY FROM VEHICLE","0344 1609 1212 1822 0321",0,M,B,101,STREET,,,IC,"Invest Cont",330.0,,NULL,NULL
200104321,2020-01-06,2020-01-05,1840,1,Central,185,1,330,"BURGLARY FROM VEHICLE","0344 1609 1307 1822 1414",30,F,A,101,STREET,,,IC,"Invest Cont",330.0,,NULL,NULL
200104323,2020-01-05,2020-01-03,1,1,Central,165,1,420,"THEFT FROM MOTOR VEHICLE - PETTY ($950 & UNDER)",0344,28,M,W,101,STREET,,,IC,"Invest Cont",420.0,,NULL,NULL
200104328,2020-01-05,2020-01-05,2120,1,Central,153,1,350,"THEFT, PERSON","0355 0344 0400 1822 0377",35,F,W,102,SIDEWALK,400.0,"STRONG-ARM (HANDS, FIST, FEET OR BODILY FORCE)",IC,"Invest Cont",350.0,,NULL,NULL
200104329,2020-01-05,2020-01-05,1717,1,Central,134,1,421,"THEFT FROM MOTOR VEHICLE - ATTEMPT","1300 1822 1501 1606",28,F,H,102,SIDEWALK,,,IC,"Invest Cont",421.0,,NULL,NULL
200104330,2020-01-06,2020-01-05,519,1,Central,119,2,888,TRESPASSING,"0910 1501 2004",19,M,W,834,"LA UNION STATION (NOT LINE SPECIFIC)",,,IC,"Invest Cont",888.0,,NULL,NULL
200104331,2020-01-05,2020-01-05,2330,1,Central,157,2,624,"BATTERY - SIMPLE ASSAULT","0416 0913",43,F,B,710,"OTHER PREMISE",400.0,"STRONG-ARM (HANDS, FIST, FEET OR BODILY FORCE)",IC,"Invest Cont",624.0,,NULL,NULL
200104333,2020-01-06,2020-01-06,145,1,Central,119,2,888,TRESPASSING,"0910 0329 2004",0,X,X,834,"LA UNION STATION (NOT LINE SPECIFIC)",,,IC,"Invest Cont",888.0,,NULL,NULL
200104336,2020-01-06,2020-01-05,2030,1,Central,185,2,647,"THROWING OBJECT AT MOVING VEHICLE","1300 0447 0329 1822",43,M,H,101,STREET,306.0,"ROCK/THROWN OBJECT",IC,"Invest Cont",647.0,,NULL,NULL
200104337,2020-01-06,2020-01-06,240,1,Central,163,1,440,"THEFT PLAIN - PETTY ($950 & UNDER)","0344 1218 2034 1822",59,M,B,102,SIDEWALK,,,IC,"Invest Cont",440.0,,NULL,NULL
200104339,2020-01-05,2020-01-05,2045,1,Central,192,2,745,"VANDALISM - MISDEAMEANOR ($399 OR UNDER)","0329 1300 1822",34,F,B,122,"VEHICLE, PASSENGER/TRUCK",,,IC,"Invest Cont",745.0,,NULL,NULL
200104340,2020-01-06,2020-01-05,2030,1,Central,195,1,310,BURGLARY,"0344 1822",38,M,B,502,"MULTI-UNIT DWELLING (APARTMENT, DUPLEX, ETC)",,,IC,"Invest Cont",310.0,,NULL,NULL
200104351,2020-01-01,2020-01-01,100,1,Central,162,1,330,"BURGLARY FROM VEHICLE","1606 0344",37,M,B,108,"PARKING LOT",,,IC,"Invest Cont",330.0,,NULL,NULL
200104352,2020-01-06,2020-01-05,2000,1,Central,153,1,420,"THEFT FROM MOTOR VEHICLE - PETTY ($950 & UNDER)",,0,,,101,STREET,,,IC,"Invest Cont",420.0,,NULL,NULL
200104369,2020-01-06,2020-01-06,930,1,Central,127,1,230,"ASSAULT WITH DEADLY WEAPON, AGGRAVATED ASSAULT","1268 1822 0305 0411 1218",22,M,H,101,STREET,207.0,"OTHER KNIFE",IC,"Invest Cont",230.0,,NULL,NULL
200104372,2020-01-06,2020-01-06,600,1,Central,111,1,330,"BURGLARY FROM VEHICLE","1307 1822 0344",43,F,W,123,"PARKING UNDERGROUND/BUILDING",,,IC,"Invest Cont",330.0,,NULL,NULL
200104377,2020-01-06,2020-01-05,2000,1,Central,163,2,624,"BATTERY - SIMPLE ASSAULT","0448 0305 0913 0554",71,M,B,101,STREET,400.0,"STRONG-ARM (HANDS, FIST, FEET OR BODILY FORCE)",IC,"Invest Cont",624.0,,NULL,NULL
200104379,2020-01-06,2020-01-06,1310,1,Central,119,2,624,"BATTERY - SIMPLE ASSAULT","0910 0416 1822 1202",71,M,A,834,"LA UNION STATION (NOT LINE SPECIFIC)",400.0,"STRONG-ARM (HANDS, FIST, FEET OR BODILY FORCE)",IC,"Invest Cont",624.0,,NULL,NULL
200104381,2020-01-06,2020-01-06,1305,1,Central,159,1,510,"VEHICLE - STOLEN",,0,,,108,"PARKING LOT",,,IC,"Invest Cont",510.0,,NULL,NULL
200104382,2020-01-06,2020-01-06,1230,1,Central,162,1,442,"SHOPLIFTING - PETTY THEFT ($950 & UNDER)","0344 2004",55,M,W,405,"CLOTHING STORE",,,IC,"Invest Cont",442.0,,NULL,NULL
200104385,2020-01-06,2020-01-06,1450,1,Central,138,1,330,"BURGLARY FROM VEHICLE","1822 1414 1307 0344 0329",19,F,W,101,STREET,,,IC,"Invest Cont",330.0,,NULL,NULL
200104389,2020-01-02,2020-01-01,1230,1,Central,154,1,330,"BURGLARY FROM VEHICLE","1606 0344",68,F,W,101,STREET,,,IC,"Invest Cont",330.0,,NULL,NULL
200104390,2020-01-03,2020-01-03,1458,1,Central,162,2,354,"THEFT OF IDENTITY","0922 0935",38,F,H,602,BANK,,,IC,"Invest Cont",354.0,,NULL,NULL
200104392,2020-01-06,2020-01-03,1830,1,Central,153,1,480,"BIKE - STOLEN","1822 0910 0344 0345 2049",48,M,B,801,"MTA BUS",,,IC,"Invest Cont",480.0,,NULL,NULL
200104393,2020-01-06,2020-01-06,1330,1,Central,166,2,624,"BATTERY - SIMPLE ASSAULT","0305 0416 1822",69,F,W,102,SIDEWALK,400.0,"STRONG-ARM (HANDS, FIST, FEET OR BODILY FORCE)",IC,"Invest Cont",624.0,,NULL,NULL
200104405,2020-01-06,2020-01-03,1700,1,Central,192,1,331,"THEFT FROM MOTOR VEHICLE - GRAND ($950.01 AND OVER)","0344 1606",28,M,B,707,GARAGE/CARPORT,,,IC,"Invest Cont",331.0,,NULL,NULL
200104406,2020-01-06,2020-01-04,1300,1,Central,131,1,330,"BURGLARY FROM VEHICLE","0329 0344 1609 1307",50,F,H,108,"PARKING LOT",,,IC,"Invest Cont",330.0,,NULL,NULL
200104408,2020-01-06,2020-01-06,2200,1,Central,152,2,624,"BATTERY - SIMPLE ASSAULT","0910 0416 2034 1822",13,M,B,931,"MTA - BLUE LINE - 7TH AND METRO CENTER",400.0,"STRONG-ARM (HANDS, FIST, FEET OR BODILY FORCE)",IC,"Invest Cont",624.0,,NULL,NULL
200104410,2020-01-06,2020-01-06,920,1,Central,195,2,662,"BUNCO, GRAND THEFT",0701,61,M,H,203,"OTHER BUSINESS",,,IC,"Invest Cont",662.0,,NULL,NULL
200104411,2020-01-07,2020-01-06,2300,1,Central,182,1,510,"VEHICLE - STOLEN",,0,,,101,STREET,,,IC,"Invest Cont",510.0,,NULL,NULL
200104414,2020-01-06,2020-01-05,1900,1,Central,162,1,330,"BURGLARY FROM VEHICLE","0344 1307 1609 1212 1822",26,M,W,108,"PARKING LOT",,,IC,"Invest Cont",330.0,,NULL,NULL
200104416,2020-01-06,2020-01-06,1930,1,Central,143,2,930,"CRIMINAL THREATS - NO WEAPON DISPLAYED","0443 1822",26,F,H,403,"DRUG STORE",511.0,"VERBAL THREAT",IC,"Invest Cont",930.0,,NULL,NULL
200104417,2020-01-06,2020-01-06,2100,1,Central,182,1,236,"INTIMATE PARTNER - AGGRAVATED ASSAULT","0913 0319 1276 1414 1813 2000 0444 0416",26,F,H,502,"MULTI-UNIT DWELLING (APARTMENT, DUPLEX, ETC)",400.0,"STRONG-ARM (HANDS, FIST, FEET OR BODILY FORCE)",IC,"Invest Cont",236.0,,NULL,NULL
200104419,2020-01-06,2020-01-06,2230,1,Central,161,1,440,"THEFT PLAIN - PETTY ($950 & UNDER)","1822 0344 2032",45,M,H,404,"DEPARTMENT STORE",,,IC,"Invest Cont",440.0,,NULL,NULL
200104420,2020-01-05,2020-01-05,100,1,Central,162,2,745,"VANDALISM - MISDEAMEANOR ($399 OR UNDER)",0329,36,F,H,122,"VEHICLE, PASSENGER/TRUCK",,,IC,"Invest Cont",745.0,,NULL,NULL
200104421,2020-01-07,2020-01-06,1820,1,Central,156,1,230,"ASSAULT WITH DEADLY WEAPON, AGGRAVATED ASSAULT","0444 0429 1822 1218 0312 1268",36,M,W,102,SIDEWALK,400.0,"STRONG-ARM (HANDS, FIST, FEET OR BODILY FORCE)",IC,"Invest Cont",230.0,,NULL,NULL
200104422,2020-01-06,2020-01-06,1800,1,Central,192,1,330,"BURGLARY FROM VEHICLE","0377 1822 0329 0344 1307 1609",24,M,W,101,STREET,,,IC,"Invest Cont",330.0,,NULL,NULL
200104426,2020-01-07,2020-01-06,2330,1,Central,182,1,210,ROBBERY,"0907 2018 1822 0344 1100 0450",58,M,B,103,ALLEY,102.0,"HAND GUN",IC,"Invest Cont",210.0,,NULL,NULL
200104429,2020-01-07,2020-01-06,1900,1,Central,111,2,888,TRESPASSING,"1501 2004",0,M,W,203,"OTHER BUSINESS",,,IC,"Invest Cont",888.0,,NULL,NULL
200104430,2020-01-02,2020-01-02,955,1,Central,162,1,480,"BIKE - STOLEN","1822 1608 0344",50,M,W,102,SIDEWALK,,,IC,"Invest Cont",480.0,,NULL,NULL
200104431,2020-01-02,2020-01-02,1900,1,Central,134,1,330,"BURGLARY FROM VEHICLE","1307 1822 0329 1609 0344",25,F,H,108,"PARKING LOT",,,IC,"Invest Cont",330.0,,NULL,NULL
200104432,2020-01-03,2020-01-02,1400,1,Central,134,1,440,"THEFT PLAIN - PETTY ($950 & UNDER)","2032 1822 0344",27,M,W,402,MARKET,,,IC,"Invest Cont",440.0,,NULL,NULL
200104435,2020-01-02,2020-01-02,1900,1,Central,138,1,330,"BURGLARY FROM VEHICLE","1609 0344",33,M,A,101,STREET,,,IC,"Invest Cont",330.0,,NULL,NULL
200104440,2020-01-04,2020-01-04,121,1,Central,182,1,330,"BURGLARY FROM VEHICLE","1307 0329 1822 1609 0344",53,M,B,108,"PARKING LOT",,,IC,"Invest Cont",330.0,,NULL,NULL
200104443,2020-01-04,2020-01-03,2030,1,Central,176,1,330,"BURGLARY FROM VEHICLE","1609 0344",38,F,W,101,STREET,,,IC,"Invest Cont",330.0,,NULL,NULL
200104444,2020-01-05,2020-01-05,100,1,Central,185,1,330,"BURGLARY FROM VEHICLE","1609 0344 1307 0329 1822",23,M,W,108,"PARKING LOT",,,IC,"Invest Cont",330.0,,NULL,NULL
200104449,2020-01-07,2020-01-07,735,1,Central,147,2,624,"BATTERY - SIMPLE ASSAULT","1218 0447 1822 1202",74,M,B,102,SIDEWALK,500.0,"UNKNOWN WEAPON/OTHER WEAPON",IC,"Invest Cont",624.0,,NULL,NULL
200104450,2020-01-07,2020-01-07,905,1,Central,165,2,740,"VANDALISM - FELONY ($400 & OVER, ALL CHURCH VANDALISMS)","0329 1822 0910",0,X,X,101,STREET,500.0,"UNKNOWN WEAPON/OTHER WEAPON",IC,"Invest Cont",740.0,,NULL,NULL
200104451,2020-01-07,2020-01-07,745,1,Central,124,2,740,"VANDALISM - FELONY ($400 & OVER, ALL CHURCH VANDALISMS)","0329 1822 1414",0,X,X,102,SIDEWALK,,,IC,"Invest Cont",740.0,,NULL,NULL
200104452,2020-01-07,2020-01-07,920,1,Central,192,2,624,"BATTERY - SIMPLE ASSAULT","0444 1266 1822 1300",23,M,H,108,"PARKING LOT",400.0,"STRONG-ARM (HANDS, FIST, FEET OR BODILY FORCE)",IC,"Invest Cont",624.0,,NULL,NULL
200104455,2020-01-06,2020-01-06,400,1,Central,161,1,330,"BURGLARY FROM VEHICLE","1609 0344 1307 0329 1822",26,F,B,101,STREET,,,IC,"Invest Cont",330.0,,NULL,NULL
200104456,2020-01-06,2020-01-03,1300,1,Central,152,1,341,"THEFT-GRAND ($950.01 & OVER)EXCPT,GUNS,FOWL,LIVESTK,PROD","0344 1606 1822",0,X,X,116,OTHER/OUTSIDE,,,IC,"Invest Cont",341.0,,NULL,NULL
200104459,2020-01-03,2020-01-03,1940,1,Central,181,1,330,"BURGLARY FROM VEHICLE","1609 0344 1307 0329 1822",23,M,B,741,"STAPLES CENTER *",,,IC,"Invest Cont",330.0,,NULL,NULL
200104462,2020-01-07,2020-01-06,1758,1,Central,161,1,480,"BIKE - STOLEN","0344 1822",57,M,W,123,"PARKING UNDERGROUND/BUILDING",,,IC,"Invest Cont",480.0,,NULL,NULL
200104466,2020-01-07,2020-01-07,1020,1,Central,165,2,860,"BATTERY WITH SEXUAL CONTACT","0551 2004 1402",40,F,B,101,STREET,400.0,"STRONG-ARM (HANDS, FIST, FEET OR BODILY FORCE)",IC,"Invest Cont",860.0,998.0,NULL,NULL
200104470,2020-01-07,2020-01-06,1930,1,Central,128,1,440,"THEFT PLAIN - PETTY ($950 & UNDER)","0344 2032",25,F,H,710,"OTHER PREMISE",,,IC,"Invest Cont",440.0,,NULL,NULL
200104473,2020-01-07,2020-01-07,1200,1,Central,143,1,331,"THEFT FROM MOTOR VEHICLE - GRAND ($950.01 AND OVER)","0344 1606",27,F,H,101,STREET,,,IC,"Invest Cont",331.0,,NULL,NULL
200104474,2020-01-07,2020-01-06,1830,1,Central,162,2,888,TRESPASSING,"2004 1501",34,F,B,404,"DEPARTMENT STORE",,,IC,"Invest Cont",888.0,,NULL,NULL
200104475,2020-01-07,2020-01-06,900,1,Central,159,2,740,"VANDALISM - FELONY ($400 & OVER, ALL CHURCH VANDALISMS)","1300 0329 1822",35,M,W,101,STREET,,,IC,"Invest Cont",740.0,,NULL,NULL
200104476,2020-01-07,2020-01-06,2130,1,Central,105,1,330,"BURGLARY FROM VEHICLE","1609 1307 1822 0329 0344",38,M,B,108,"PARKING LOT",,,IC,"Invest Cont",330.0,,NULL,NULL
200104477,2020-01-07,2020-01-06,1500,1,Central,118,2,930,"CRIMINAL THREATS - NO WEAPON DISPLAYED",,29,F,B,102,SIDEWALK,511.0,"VERBAL THREAT",IC,"Invest Cont",930.0,,NULL,NULL
200104488,2020-01-07,2020-01-07,430,1,Central,119,1,442,"SHOPLIFTING - PETTY THEFT ($950 & UNDER)","0910 0104 1822 2004 0344",24,M,B,252,"COFFEE SHOP (STARBUCKS, COFFEE BEAN, PEET'S, ETC.)",,,IC,"Invest Cont",442.0,,NULL,NULL
200104489,2020-01-07,2020-01-07,800,1,Central,152,2,624,"BATTERY - SIMPLE ASSAULT","0416 1822",26,F,H,101,STREET,400.0,"STRONG-ARM (HANDS, FIST, FEET OR BODILY FORCE)",IC,"Invest Cont",624.0,,NULL,NULL
200104498,2020-01-07,2020-01-07,2140,1,Central,123,1,220,"ATTEMPTED ROBBERY","1822 1019 0416 2004",56,M,W,102,SIDEWALK,212.0,BOTTLE,IC,"Invest Cont",220.0,,NULL,NULL
200104499,2020-01-07,2020-01-06,1900,1,Central,111,1,330,"BURGLARY FROM VEHICLE","1609 0344",26,M,W,101,STREET,,,IC,"Invest Cont",330.0,,NULL,NULL
200104500,2020-01-07,2020-01-07,2000,1,Central,153,2,625,"OTHER ASSAULT","0356 1822 1266",47,M,B,203,"OTHER BUSINESS",500.0,"UNKNOWN WEAPON/OTHER WEAPON",IC,"Invest Cont",625.0,,NULL,NULL
200104503,2020-01-08,2020-01-08,117,1,Central,181,2,755,"BOMB SCARE","0404 1822",29,M,H,741,"STAPLES CENTER *",511.0,"VERBAL THREAT",IC,"Invest Cont",755.0,,NULL,NULL
200104505,2020-01-07,2020-01-07,1917,1,Central,162,1,442,"SHOPLIFTING - PETTY THEFT ($950 & UNDER)","0325 2004",0,X,X,404,"DEPARTMENT STORE",,,IC,"Invest Cont",442.0,,NULL,NULL
200104507,2020-01-08,2020-01-07,300,1,Central,152,1,331,"THEFT FROM MOTOR VEHICLE - GRAND ($950.01 AND OVER)","1606 1300 1226 0344",19,M,H,101,STREET,,,IC,"Invest Cont",331.0,,NULL,NULL
200104513,2020-01-08,2020-01-07,2000,1,Central,101,1,510,"VEHICLE - STOLEN",,0,,,101,STREET,,,IC,"Invest Cont",510.0,,NULL,NULL
200104522,2020-01-08,2020-01-07,2020,1,Central,162,1,330,"BURGLARY FROM VEHICLE","0344 1822 1601",32,M,W,123,"PARKING UNDERGROUND/BUILDING",,,IC,"Invest Cont",330.0,,NULL,NULL
200104524,2020-01-08,2020-01-08,100,1,Central,182,2,624,"BATTERY - SIMPLE ASSAULT","0416 1218 1822 2034",30,M,W,102,SIDEWALK,400.0,"STRONG-ARM (HANDS, FIST, FEET OR BODILY FORCE)",IC,"Invest Cont",624.0,,NULL,NULL
200104526,2020-01-08,2020-01-07,1500,1,Central,154,2,624,"BATTERY - SIMPLE ASSAULT","0444 0429 1822 1202 2004",62,F,W,502,"MULTI-UNIT DWELLING (APARTMENT, DUPLEX, ETC)",400.0,"STRONG-ARM (HANDS, FIST, FEET OR BODILY FORCE)",IC,"Invest Cont",624.0,,NULL,NULL
200104527,2020-01-08,2020-01-06,1000,1,Central,147,1,440,"THEFT PLAIN - PETTY ($950 & UNDER)","0344 1202 2032 0377 1822 1218",71,M,H,517,MISSIONS/SHELTERS,,,IC,"Invest Cont",440.0,,NULL,NULL
200104534,2020-01-08,2020-01-08,950,1,Central,156,2,624,"BATTERY - SIMPLE ASSAULT","0416 1218 1822 0913",53,M,B,102,SIDEWALK,400.0,"STRONG-ARM (HANDS, FIST, FEET OR BODILY FORCE)",IC,"Invest Cont",624.0,,NULL,NULL
200104545,2020-01-07,2020-01-02,510,1,Central,192,1,341,"THEFT-GRAND ($950.01 & OVER)EXCPT,GUNS,FOWL,LIVESTK,PROD","2032 0344",31,M,B,122,"VEHICLE, PASSENGER/TRUCK",,,IC,"Invest Cont",341.0,,NULL,NULL
200104547,2020-01-08,2020-01-07,1753,1,Central,182,1,341,"THEFT-GRAND ($950.01 & OVER)EXCPT,GUNS,FOWL,LIVESTK,PROD","0344 1607 1822 1606",0,M,O,118,"CONSTRUCTION SITE",,,IC,"Invest Cont",341.0,,NULL,NULL
200104548,2020-01-07,2020-01-06,1730,1,Central,159,1,440,"THEFT PLAIN - PETTY ($950 & UNDER)","0344 2032",49,M,A,210,"RESTAURANT/FAST FOOD",,,IC,"Invest Cont",440.0,,NULL,NULL
200104549,2020-01-08,2020-01-06,100,1,Central,147,1,440,"THEFT PLAIN - PETTY ($950 & UNDER)","1218 0344 2034",38,M,B,101,STREET,,,IC,"Invest Cont",440.0,,NULL,NULL
200104550,2020-01-08,2020-01-08,845,1,Central,166,2,740,"VANDALISM - FELONY ($400 & OVER, ALL CHURCH VANDALISMS)","0906 0329 1402 0447",55,M,W,517,MISSIONS/SHELTERS,,,IC,"Invest Cont",740.0,998.0,NULL,NULL
200104551,2020-01-08,2020-01-08,1300,1,Central,192,1,761,"BRANDISH WEAPON","0334 1606 1822 1402",43,M,H,118,"CONSTRUCTION SITE",215.0,MACHETE,IC,"Invest Cont",761.0,998.0,NULL,NULL
200104556,2020-01-08,2020-01-08,200,1,Central,147,1,440,"THEFT PLAIN - PETTY ($950 & UNDER)","0344 2034 1822 0377 1218",56,M,O,102,SIDEWALK,,,IC,"Invest Cont",440.0,,NULL,NULL
200104558,2020-01-08,2020-01-08,820,1,Central,164,2,626,"INTIMATE PARTNER - SIMPLE ASSAULT","2000 1814 0416 0411 0445",34,M,B,101,STREET,500.0,"UNKNOWN WEAPON/OTHER WEAPON",IC,"Invest Cont",626.0,,NULL,NULL
200104573,2020-01-08,2020-01-08,540,1,Central,138,1,330,"BURGLARY FROM VEHICLE","1300 0344",30,M,B,101,STREET,,,IC,"Invest Cont",330.0,,NULL,NULL
200104576,2020-01-08,2020-01-08,1600,1,Central,161,1,440,"THEFT PLAIN - PETTY ($950 & UNDER)","0344 2032 1822",35,M,A,203,"OTHER BUSINESS",,,IC,"Invest Cont",440.0,,NULL,NULL
200104577,2020-01-08,2020-01-08,1900,1,Central,192,1,510,"VEHICLE - STOLEN",,0,,,101,STREET,,,IC,"Invest Cont",510.0,,NULL,NULL
200104578,2020-01-09,2020-01-07,2350,1,Central,138,2,888,TRESPASSING,"2004 0444 2001 2003 1822 2002",36,M,W,502,"MULTI-UNIT DWELLING (APARTMENT, DUPLEX, ETC)",,,IC,"Invest Cont",888.0,,NULL,NULL
200104579,2020-01-09,2020-01-07,1920,1,Central,111,1,310,BURGLARY,"1610 1822 0344 0329 0321",25,F,W,719,"MEDICAL/DENTAL OFFICES",,,IC,"Invest Cont",310.0,,NULL,NULL
200104580,2020-01-09,2020-01-08,1630,1,Central,152,1,480,"BIKE - STOLEN","1822 1202 0344",67,M,W,210,"RESTAURANT/FAST FOOD",,,IC,"Invest Cont",480.0,,NULL,NULL
200104582,2020-01-09,2020-01-06,800,1,Central,176,1,341,"THEFT-GRAND ($950.01 & OVER)EXCPT,GUNS,FOWL,LIVESTK,PROD","1822 0344 2032",37,M,W,102,SIDEWALK,,,IC,"Invest Cont",341.0,,NULL,NULL
200104583,2020-01-08,2020-01-08,1920,1,Central,119,2,946,"OTHER MISCELLANEOUS CRIME",1501,0,X,X,101,STREET,,,IC,"Invest Cont",946.0,,NULL,NULL
200104584,2020-01-08,2020-01-07,1,1,Central,162,2,662,"BUNCO, GRAND THEFT","0701 0800",40,M,H,502,"MULTI-UNIT DWELLING (APARTMENT, DUPLEX, ETC)",,,IC,"Invest Cont",662.0,,NULL,NULL
200104586,2020-01-08,2020-01-08,1610,1,Central,119,1,440,"THEFT PLAIN - PETTY ($950 & UNDER)","0344 0910 2032 1822 1202",65,M,B,834,"LA UNION STATION (NOT LINE SPECIFIC)",,,IC,"Invest Cont",440.0,,NULL,NULL
200104587,2020-01-08,2020-01-08,1930,1,Central,119,2,740,"VANDALISM - FELONY ($400 & OVER, ALL CHURCH VANDALISMS)","1822 0447 0329 1310 1309",48,M,H,101,STREET,,,IC,"Invest Cont",740.0,,NULL,NULL
200104588,2020-01-09,2020-01-09,1,1,Central,119,1,440,"THEFT PLAIN - PETTY ($950 & UNDER)","0344 0910 2032 1822",59,F,A,834,"LA UNION STATION (NOT LINE SPECIFIC)",,,IC,"Invest Cont",440.0,,NULL,NULL
200104590,2020-01-08,2020-01-08,1750,1,Central,153,1,442,"SHOPLIFTING - PETTY THEFT ($950 & UNDER)",0325,34,M,B,403,"DRUG STORE",,,IC,"Invest Cont",442.0,,NULL,NULL
200104594,2020-01-08,2020-01-08,2145,1,Central,152,2,624,"BATTERY - SIMPLE ASSAULT","0910 0416 2004 1822",20,M,H,903,"MTA - RED LINE - 7TH AND METRO CENTER",400.0,"STRONG-ARM (HANDS, FIST, FEET OR BODILY FORCE)",IC,"Invest Cont","600 S  FIGUEROA                     ST",,34.0509000,-118.2585000
200104598,2020-01-09,2020-01-07,2200,1,Central,105,2,745,"VANDALISM - MISDEAMEANOR ($399 OR UNDER)","0329 1822 1202",69,F,A,501,"SINGLE FAMILY DWELLING",,,IC,"Invest Cont",745.0,,NULL,NULL
200104606,2020-01-09,2020-01-09,30,1,Central,118,1,331,"THEFT FROM MOTOR VEHICLE - GRAND ($950.01 AND OVER)","0385 1822 0344",42,M,H,101,STREET,,,IC,"Invest Cont",331.0,,NULL,NULL
200104609,2020-01-09,2020-01-07,1555,1,Central,119,1,220,"ATTEMPTED ROBBERY","0910 1822 0305 1414",58,F,W,900,"MTA - RED LINE - UNION STATION",400.0,"STRONG-ARM (HANDS, FIST, FEET OR BODILY FORCE)",IC,"Invest Cont",220.0,,NULL,NULL
200104610,2020-01-09,2020-01-08,1730,1,Central,101,1,510,"VEHICLE - STOLEN",,0,,,707,GARAGE/CARPORT,,,IC,"Invest Cont",510.0,,NULL,NULL
200104613,2020-01-08,2020-01-06,800,1,Central,182,1,330,"BURGLARY FROM VEHICLE","0386 0344",33,F,H,123,"PARKING UNDERGROUND/BUILDING",,,IC,"Invest Cont",330.0,,NULL,NULL
200104616,2020-01-07,2020-01-07,1930,1,Central,192,1,330,"BURGLARY FROM VEHICLE","1307 0344",28,F,K,101,STREET,,,IC,"Invest Cont",330.0,,NULL,NULL
200104617,2020-01-09,2020-01-01,1415,1,Central,162,1,330,"BURGLARY FROM VEHICLE","1307 0344",31,M,B,707,GARAGE/CARPORT,,,IC,"Invest Cont",330.0,,NULL,NULL
200104619,2020-01-08,2020-01-05,1300,1,Central,138,1,341,"THEFT-GRAND ($950.01 & OVER)EXCPT,GUNS,FOWL,LIVESTK,PROD","0397 0344 0947",38,M,C,102,SIDEWALK,,,IC,"Invest Cont",341.0,,NULL,NULL
200104657,2020-01-09,2020-01-09,1015,1,Central,111,2,624,"BATTERY - SIMPLE ASSAULT","0917 0416 0447",34,F,H,202,"LIQUOR STORE",500.0,"UNKNOWN WEAPON/OTHER WEAPON",IC,"Invest Cont",624.0,,NULL,NULL
200104658,2020-01-09,2020-01-09,930,1,Central,152,2,946,"OTHER MISCELLANEOUS CRIME","0112 1414 1822",41,M,H,108,"PARKING LOT",,,IC,"Invest Cont",946.0,,NULL,NULL
200104660,2020-01-09,2020-01-08,2330,1,Central,162,2,740,"VANDALISM - FELONY ($400 & OVER, ALL CHURCH VANDALISMS)",0329,49,F,O,244,"TOBACCO SHOP",,,IC,"Invest Cont",740.0,,NULL,NULL
200104663,2020-01-09,2020-01-09,1539,1,Central,162,1,442,"SHOPLIFTING - PETTY THEFT ($950 & UNDER)","0344 2004",20,F,H,406,"OTHER STORE",,,IC,"Invest Cont",442.0,,NULL,NULL
200104670,2020-01-10,2020-01-09,2100,1,Central,164,1,330,"BURGLARY FROM VEHICLE","1609 0344 1307 0329 1822",30,F,W,101,STREET,,,IC,"Invest Cont",330.0,,NULL,NULL
200104673,2020-01-09,2020-01-01,1000,1,Central,152,1,341,"THEFT-GRAND ($950.01 & OVER)EXCPT,GUNS,FOWL,LIVESTK,PROD","0344 1822 0352",27,F,W,502,"MULTI-UNIT DWELLING (APARTMENT, DUPLEX, ETC)",,,IC,"Invest Cont",341.0,,NULL,NULL
200104682,2020-01-09,2020-01-09,1650,1,Central,151,1,440,"THEFT PLAIN - PETTY ($950 & UNDER)","0344 0947",32,M,W,744,"HIGH-RISE BUILDING",,,IC,"Invest Cont",440.0,,NULL,NULL
200104683,2020-01-10,2020-01-06,1445,1,Central,174,1,440,"THEFT PLAIN - PETTY ($950 & UNDER)","0394 0344",39,F,W,502,"MULTI-UNIT DWELLING (APARTMENT, DUPLEX, ETC)",,,IC,"Invest Cont",440.0,,NULL,NULL
200104690,2020-01-09,2020-01-08,1400,1,Central,162,1,331,"THEFT FROM MOTOR VEHICLE - GRAND ($950.01 AND OVER)","0344 1300 1822",45,F,A,707,GARAGE/CARPORT,500.0,"UNKNOWN WEAPON/OTHER WEAPON",IC,"Invest Cont",331.0,,NULL,NULL
200104691,2020-01-09,2020-01-08,1900,1,Central,111,1,350,"THEFT, PERSON","0344 0416 0377 1822 0305",64,F,W,101,STREET,400.0,"STRONG-ARM (HANDS, FIST, FEET OR BODILY FORCE)",IC,"Invest Cont",350.0,,NULL,NULL
200104696,2020-01-10,2020-01-10,855,1,Central,166,2,624,"BATTERY - SIMPLE ASSAULT","0416 1218 1822 1019",57,M,B,101,STREET,400.0,"STRONG-ARM (HANDS, FIST, FEET OR BODILY FORCE)",IC,"Invest Cont",624.0,,NULL,NULL
200104697,2020-01-10,2020-01-09,1830,1,Central,138,1,330,"BURGLARY FROM VEHICLE","1609 0344 1307 1822 0329",34,F,W,108,"PARKING LOT",500.0,"UNKNOWN WEAPON/OTHER WEAPON",IC,"Invest Cont",330.0,,NULL,NULL
200104700,2020-01-10,2020-01-08,1845,1,Central,185,1,330,"BURGLARY FROM VEHICLE","0344 1609 1307 1822 0377 0329",29,M,W,108,"PARKING LOT",500.0,"UNKNOWN WEAPON/OTHER WEAPON",IC,"Invest Cont",330.0,,NULL,NULL
200104702,2020-01-10,2020-01-10,435,1,Central,192,2,745,"VANDALISM - MISDEAMEANOR ($399 OR UNDER)","0329 1822 0416",0,X,X,701,HOSPITAL,400.0,"STRONG-ARM (HANDS, FIST, FEET OR BODILY FORCE)",IC,"Invest Cont",745.0,,NULL,NULL
200104703,2020-01-01,2020-01-01,1400,1,Central,119,1,330,"BURGLARY FROM VEHICLE","1307 0344",27,M,W,108,"PARKING LOT",,,IC,"Invest Cont",330.0,,NULL,NULL
200104704,2020-01-09,2020-01-09,2100,1,Central,138,1,330,"BURGLARY FROM VEHICLE","1307 0344",0,X,X,108,"PARKING LOT",,,IC,"Invest Cont",330.0,,NULL,NULL
200104711,2020-01-10,2020-01-08,2200,1,Central,162,1,815,"SEXUAL PENETRATION W/FOREIGN OBJECT","1822 1402 2004 0416 1601 0408 0409 1415 1218",32,F,H,102,SIDEWALK,400.0,"STRONG-ARM (HANDS, FIST, FEET OR BODILY FORCE)",IC,"Invest Cont",815.0,998.0,NULL,NULL
200104713,2020-01-10,2020-01-10,1100,1,Central,154,2,900,"VIOLATION OF COURT ORDER","0913 1501",53,M,B,502,"MULTI-UNIT DWELLING (APARTMENT, DUPLEX, ETC)",,,IC,"Invest Cont",900.0,,NULL,NULL
200104715,2020-01-10,2020-01-10,1045,1,Central,159,1,510,"VEHICLE - STOLEN",,0,,,101,STREET,,,IC,"Invest Cont",510.0,,NULL,NULL
200104716,2020-01-10,2020-01-10,900,1,Central,157,2,745,"VANDALISM - MISDEAMEANOR ($399 OR UNDER)",0329,53,M,H,122,"VEHICLE, PASSENGER/TRUCK",,,IC,"Invest Cont",745.0,,NULL,NULL
200104717,2020-01-10,2020-01-09,1130,1,Central,159,1,330,"BURGLARY FROM VEHICLE","0344 1609 1307 1822 0329",46,F,O,108,"PARKING LOT",,,IC,"Invest Cont",330.0,,NULL,NULL
200104718,2020-01-10,2020-01-10,1315,1,Central,153,2,624,"BATTERY - SIMPLE ASSAULT","0416 1822",55,F,B,101,STREET,400.0,"STRONG-ARM (HANDS, FIST, FEET OR BODILY FORCE)",IC,"Invest Cont",624.0,,NULL,NULL
200104719,2020-01-10,2020-01-08,1200,1,Central,182,1,341,"THEFT-GRAND ($950.01 & OVER)EXCPT,GUNS,FOWL,LIVESTK,PROD","0344 0910 2034 1822",33,M,B,802,"MUNICIPAL BUS LINE INCLUDES LADOT/DASH",,,IC,"Invest Cont",341.0,,NULL,NULL
200104720,2020-01-10,2020-01-10,1330,1,Central,176,1,761,"BRANDISH WEAPON","0421 0334 1822",41,M,B,210,"RESTAURANT/FAST FOOD",511.0,"VERBAL THREAT",IC,"Invest Cont",761.0,,NULL,NULL
200104721,2020-01-10,2020-01-10,700,1,Central,158,1,510,"VEHICLE - STOLEN",,0,,,101,STREET,,,IC,"Invest Cont",510.0,,NULL,NULL
200104727,2020-01-10,2020-01-10,1030,1,Central,134,2,624,"BATTERY - SIMPLE ASSAULT","1822 0416",48,M,H,102,SIDEWALK,400.0,"STRONG-ARM (HANDS, FIST, FEET OR BODILY FORCE)",IC,"Invest Cont",624.0,,NULL,NULL
200104731,2020-01-10,2020-01-09,2300,1,Central,195,1,210,ROBBERY,"1822 0344 0355",25,M,B,116,OTHER/OUTSIDE,500.0,"UNKNOWN WEAPON/OTHER WEAPON",IC,"Invest Cont",210.0,,NULL,NULL
200104734,2020-01-11,2020-01-10,2100,1,Central,159,1,510,"VEHICLE - STOLEN",,0,,,101,STREET,,,IC,"Invest Cont",510.0,,NULL,NULL
200104736,2020-01-11,2020-01-11,10,1,Central,158,2,626,"INTIMATE PARTNER - SIMPLE ASSAULT","2000 0416 1218 2004 1814 0419",45,F,H,101,STREET,400.0,"STRONG-ARM (HANDS, FIST, FEET OR BODILY FORCE)",IC,"Invest Cont",626.0,,NULL,NULL
200104737,2020-01-11,2020-01-11,40,1,Central,139,1,230,"ASSAULT WITH DEADLY WEAPON, AGGRAVATED ASSAULT","0411 0429 0416 1402 1414 1822",26,M,H,102,SIDEWALK,200.0,"KNIFE WITH BLADE 6INCHES OR LESS",IC,"Invest Cont",230.0,998.0,NULL,NULL
200104738,2020-01-11,2020-01-11,40,1,Central,139,1,230,"ASSAULT WITH DEADLY WEAPON, AGGRAVATED ASSAULT","0411 0429 0416 1402 1822 1414",26,M,H,102,SIDEWALK,200.0,"KNIFE WITH BLADE 6INCHES OR LESS",IC,"Invest Cont",230.0,998.0,NULL,NULL
200104739,2020-01-11,2020-01-10,2335,1,Central,171,2,624,"BATTERY - SIMPLE ASSAULT","0522 1822",28,F,W,102,SIDEWALK,400.0,"STRONG-ARM (HANDS, FIST, FEET OR BODILY FORCE)",IC,"Invest Cont",624.0,,NULL,NULL
200104740,2020-01-11,2020-01-10,2100,1,Central,192,1,230,"ASSAULT WITH DEADLY WEAPON, AGGRAVATED ASSAULT","0913 0407 1218 1414 1820",36,M,H,501,"SINGLE FAMILY DWELLING",506.0,FIRE,IC,"Invest Cont",230.0,,NULL,NULL
200104741,2020-01-11,2020-01-10,1000,1,Central,174,1,330,"BURGLARY FROM VEHICLE","1307 0344 1609 1822",0,M,H,108,"PARKING LOT",,,IC,"Invest Cont",330.0,,NULL,NULL
200104742,2020-01-11,2020-01-10,2258,1,Central,162,2,740,"VANDALISM - FELONY ($400 & OVER, ALL CHURCH VANDALISMS)","0329 1307 1609 1822",33,F,W,122,"VEHICLE, PASSENGER/TRUCK",,,IC,"Invest Cont",740.0,,NULL,NULL
200104743,2020-01-11,2020-01-09,1400,1,Central,152,1,341,"THEFT-GRAND ($950.01 & OVER)EXCPT,GUNS,FOWL,LIVESTK,PROD","2032 0344 1822",27,M,W,101,STREET,,,IC,"Invest Cont",341.0,,NULL,NULL
200104744,2020-01-11,2020-01-11,220,1,Central,111,1,320,"BURGLARY, ATTEMPTED","1607 1822 1414 0329 2004",0,M,W,504,"OTHER RESIDENCE",,,IC,"Invest Cont",320.0,,NULL,NULL
200104749,2020-01-11,2020-01-10,2000,1,Central,148,1,440,"THEFT PLAIN - PETTY ($950 & UNDER)","2032 0344",48,M,W,502,"MULTI-UNIT DWELLING (APARTMENT, DUPLEX, ETC)",,,IC,"Invest Cont",440.0,,NULL,NULL
200104750,2020-01-11,2020-01-11,720,1,Central,143,2,740,"VANDALISM - FELONY ($400 & OVER, ALL CHURCH VANDALISMS)","0329 0910 2004 1414 1307 0913",0,M,W,124,"BUS STOP",,,IC,"Invest Cont",5TH,BROADWAY,34.0481000,-118.2507000
200104752,2020-01-11,2020-01-11,1045,1,Central,158,1,440,"THEFT PLAIN - PETTY ($950 & UNDER)","0344 0913 2032",28,F,B,502,"MULTI-UNIT DWELLING (APARTMENT, DUPLEX, ETC)",,,IC,"Invest Cont",440.0,,NULL,NULL
200104754,2020-01-11,2020-01-11,1015,1,Central,145,2,624,"BATTERY - SIMPLE ASSAULT","0416 0429 1414",58,F,B,102,SIDEWALK,400.0,"STRONG-ARM (HANDS, FIST, FEET OR BODILY FORCE)",IC,"Invest Cont",624.0,,NULL,NULL
200104755,2020-01-11,2020-01-11,954,1,Central,156,2,624,"BATTERY - SIMPLE ASSAULT","1402 0416 1822",51,M,W,102,SIDEWALK,500.0,"UNKNOWN WEAPON/OTHER WEAPON",IC,"Invest Cont",624.0,998.0,NULL,NULL
200104759,2020-01-11,2020-01-02,1200,1,Central,138,2,354,"THEFT OF IDENTITY","1822 0929 0928 0931",64,F,A,502,"MULTI-UNIT DWELLING (APARTMENT, DUPLEX, ETC)",,,IC,"Invest Cont",354.0,,NULL,NULL
200104761,2020-01-11,2020-01-10,1900,1,Central,154,1,330,"BURGLARY FROM VEHICLE","1307 0344 0329 1609 1822",32,M,H,108,"PARKING LOT",,,IC,"Invest Cont",330.0,,NULL,NULL
200104762,2020-01-11,2020-01-11,200,1,Central,192,1,330,"BURGLARY FROM VEHICLE","1307 0344 0329 1609 1822 0377",32,M,O,123,"PARKING UNDERGROUND/BUILDING",,,IC,"Invest Cont",330.0,,NULL,NULL
200104763,2020-01-11,2020-01-11,400,1,Central,105,1,510,"VEHICLE - STOLEN",,0,,,101,STREET,,,IC,"Invest Cont",510.0,,NULL,NULL
200104765,2020-01-11,2020-01-11,900,1,Central,195,1,330,"BURGLARY FROM VEHICLE","1307 0344 0329 1609 1822 1414",39,M,H,103,ALLEY,,,IC,"Invest Cont",330.0,,NULL,NULL
200104766,2020-01-11,2020-01-06,400,1,Central,111,2,740,"VANDALISM - FELONY ($400 & OVER, ALL CHURCH VANDALISMS)",0329,38,M,H,122,"VEHICLE, PASSENGER/TRUCK",,,IC,"Invest Cont",740.0,,NULL,NULL
200104768,2020-01-11,2020-01-10,1230,1,Central,182,2,662,"BUNCO, GRAND THEFT","0800 0701 1900 1916 0344",29,M,W,502,"MULTI-UNIT DWELLING (APARTMENT, DUPLEX, ETC)",,,IC,"Invest Cont",662.0,,NULL,NULL
200104769,2020-01-11,2020-01-11,1535,1,Central,111,1,440,"THEFT PLAIN - PETTY ($950 & UNDER)","2004 1026 0344 1822",38,M,W,102,SIDEWALK,,,IC,"Invest Cont",440.0,,NULL,NULL
200104770,2020-01-11,2020-01-11,1450,1,Central,147,1,350,"THEFT, PERSON","0344 0444 0416 1218 1822",20,M,W,101,STREET,,,IC,"Invest Cont",350.0,,NULL,NULL
200104772,2020-01-11,2020-01-11,5,1,Central,152,2,624,"BATTERY - SIMPLE ASSAULT","1822 0910 0444 0319 0416 0446 1218 2048",57,M,B,903,"MTA - RED LINE - 7TH AND METRO CENTER",400.0,"STRONG-ARM (HANDS, FIST, FEET OR BODILY FORCE)",IC,"Invest Cont",624.0,,NULL,NULL
200104774,2020-01-11,2020-01-11,1110,1,Central,153,2,624,"BATTERY - SIMPLE ASSAULT","0910 0416 1202 1822 2050 2052",65,F,H,917,"MTA - PURPLE LINE - PERSHING SQUARE",400.0,"STRONG-ARM (HANDS, FIST, FEET OR BODILY FORCE)",IC,"Invest Cont",624.0,,NULL,NULL
200104775,2020-01-11,2020-01-11,1345,1,Central,153,1,440,"THEFT PLAIN - PETTY ($950 & UNDER)","0344 1822",22,F,W,101,STREET,,,IC,"Invest Cont",440.0,,NULL,NULL
200104800,2020-01-11,2020-01-11,215,1,Central,119,1,761,"BRANDISH WEAPON","1402 0334 0917 1266 1822 2004 0445",22,M,H,108,"PARKING LOT",216.0,SCISSORS,IC,"Invest Cont",761.0,998.0,NULL,NULL
200104806,2020-01-12,2020-01-10,1010,1,Central,119,2,888,TRESPASSING,"2004 0910 1822",0,M,O,834,"LA UNION STATION (NOT LINE SPECIFIC)",,,IC,"Invest Cont",888.0,,NULL,NULL
200104808,2020-01-12,2020-01-11,705,1,Central,119,1,442,"SHOPLIFTING - PETTY THEFT ($950 & UNDER)","0344 2004 0910 0104",30,M,H,834,"LA UNION STATION (NOT LINE SPECIFIC)",,,IC,"Invest Cont",442.0,,NULL,NULL
200104810,2020-01-09,2020-01-09,2035,1,Central,162,2,624,"BATTERY - SIMPLE ASSAULT","0910 1822 0416 1414",30,F,W,903,"MTA - RED LINE - 7TH AND METRO CENTER",400.0,"STRONG-ARM (HANDS, FIST, FEET OR BODILY FORCE)",IC,"Invest Cont",624.0,,NULL,NULL
200104813,2020-01-11,2020-01-11,1900,1,Central,101,2,624,"BATTERY - SIMPLE ASSAULT","0444 0429",65,M,H,501,"SINGLE FAMILY DWELLING",400.0,"STRONG-ARM (HANDS, FIST, FEET OR BODILY FORCE)",IC,"Invest Cont",624.0,,NULL,NULL
200104814,2020-01-11,2020-01-11,1750,1,Central,155,2,624,"BATTERY - SIMPLE ASSAULT","0416 0447 1822",28,M,O,406,"OTHER STORE",400.0,"STRONG-ARM (HANDS, FIST, FEET OR BODILY FORCE)",IC,"Invest Cont",624.0,,NULL,NULL
200104815,2020-01-11,2020-01-11,2300,1,Central,157,2,624,"BATTERY - SIMPLE ASSAULT","1822 0408 0444",41,F,B,517,MISSIONS/SHELTERS,400.0,"STRONG-ARM (HANDS, FIST, FEET OR BODILY FORCE)",IC,"Invest Cont",624.0,,NULL,NULL
200104817,2020-01-11,2020-01-11,2200,1,Central,181,2,624,"BATTERY - SIMPLE ASSAULT","0416 0417 1822 0429 0342",28,F,H,741,"STAPLES CENTER *",400.0,"STRONG-ARM (HANDS, FIST, FEET OR BODILY FORCE)",IC,"Invest Cont",624.0,,NULL,NULL
200104818,2020-01-12,2020-01-12,130,1,Central,111,2,624,"BATTERY - SIMPLE ASSAULT","0334 1822 1234",35,F,H,102,SIDEWALK,221.0,GLASS,IC,"Invest Cont",624.0,,NULL,NULL
200104819,2020-01-11,2020-01-11,1930,1,Central,154,1,330,"BURGLARY FROM VEHICLE","0344 1307 1609 1822 0329",35,M,W,102,SIDEWALK,,,IC,"Invest Cont",330.0,,NULL,NULL
200104820,2020-01-12,2020-01-11,2310,1,Central,159,1,330,"BURGLARY FROM VEHICLE","0344 1307 1609 0329 1822",38,M,B,102,SIDEWALK,,,IC,"Invest Cont",330.0,,NULL,NULL
200104821,2020-01-11,2020-01-11,100,1,Central,182,1,341,"THEFT-GRAND ($950.01 & OVER)EXCPT,GUNS,FOWL,LIVESTK,PROD","0344 2032 1822 1309 0377",32,F,H,102,SIDEWALK,,,IC,"Invest Cont",341.0,,NULL,NULL
200104822,2020-01-11,2020-01-11,340,1,Central,153,1,480,"BIKE - STOLEN","0344 2032 1817",39,F,H,102,SIDEWALK,,,IC,"Invest Cont",480.0,,NULL,NULL
200104823,2020-01-11,2020-01-09,1945,1,Central,181,1,350,"THEFT, PERSON","0344 1822",57,M,W,741,"STAPLES CENTER *",,,IC,"Invest Cont",350.0,,NULL,NULL
200104826,2020-01-11,2020-01-11,1430,1,Central,185,1,341,"THEFT-GRAND ($950.01 & OVER)EXCPT,GUNS,FOWL,LIVESTK,PROD","0344 2032 2028 0913",56,M,B,203,"OTHER BUSINESS",,,IC,"Invest Cont",341.0,,NULL,NULL
200104827,2020-01-12,2020-01-12,5,1,Central,156,2,626,"INTIMATE PARTNER - SIMPLE ASSAULT","0448 0444 2000 1218 1813",29,F,B,517,MISSIONS/SHELTERS,400.0,"STRONG-ARM (HANDS, FIST, FEET OR BODILY FORCE)",IC,"Invest Cont",626.0,,NULL,NULL
200104829,2020-01-12,2020-01-12,500,1,Central,129,2,740,"VANDALISM - FELONY ($400 & OVER, ALL CHURCH VANDALISMS)","0329 1602 1822",29,M,H,122,"VEHICLE, PASSENGER/TRUCK",,,IC,"Invest Cont",740.0,,NULL,NULL
200104835,2020-01-11,2020-01-11,550,1,Central,111,2,901,"VIOLATION OF RESTRAINING ORDER","2038 2004 0562",47,F,H,502,"MULTI-UNIT DWELLING (APARTMENT, DUPLEX, ETC)",,,IC,"Invest Cont",901.0,,NULL,NULL
200104836,2020-01-12,2020-01-11,2150,1,Central,128,2,740,"VANDALISM - FELONY ($400 & OVER, ALL CHURCH VANDALISMS)","0329 1307 1822",30,M,H,122,"VEHICLE, PASSENGER/TRUCK",,,IC,"Invest Cont",740.0,,NULL,NULL
200104840,2020-01-12,2020-01-11,1700,1,Central,165,1,420,"THEFT FROM MOTOR VEHICLE - PETTY ($950 & UNDER)",,0,,,707,GARAGE/CARPORT,,,IC,"Invest Cont",420.0,,NULL,NULL
200104842,2020-01-12,2020-01-08,900,1,Central,162,1,330,"BURGLARY FROM VEHICLE","0344 1609 1307 1822 0329",34,F,W,108,"PARKING LOT",500.0,"UNKNOWN WEAPON/OTHER WEAPON",IC,"Invest Cont",330.0,,NULL,NULL
200104843,2020-01-12,2020-01-11,1700,1,Central,165,1,330,"BURGLARY FROM VEHICLE","0344 1609 1307 0329 1822 0377",57,F,B,108,"PARKING LOT",500.0,"UNKNOWN WEAPON/OTHER WEAPON",IC,"Invest Cont",330.0,,NULL,NULL
200104844,2020-01-12,2020-01-12,920,1,Central,157,1,230,"ASSAULT WITH DEADLY WEAPON, AGGRAVATED ASSAULT","1218 0411 1822 1414",45,M,B,101,STREET,207.0,"OTHER KNIFE",IC,"Invest Cont",230.0,,NULL,NULL
200104847,2020-01-12,2020-01-11,1700,1,Central,162,2,740,"VANDALISM - FELONY ($400 & OVER, ALL CHURCH VANDALISMS)",0329,28,F,W,122,"VEHICLE, PASSENGER/TRUCK",,,IC,"Invest Cont",740.0,,NULL,NULL
200104848,2020-01-12,2020-01-11,1800,1,Central,153,2,930,"CRIMINAL THREATS - NO WEAPON DISPLAYED","0334 0421 1822",62,M,H,101,STREET,113.0,"SIMULATED GUN",IC,"Invest Cont",930.0,,NULL,NULL
200104849,2020-01-12,2020-01-12,1145,1,Central,152,1,442,"SHOPLIFTING - PETTY THEFT ($950 & UNDER)","0344 0325 1822",21,F,H,403,"DRUG STORE",,,IC,"Invest Cont",442.0,,NULL,NULL
200104850,2020-01-12,2020-01-12,500,1,Central,152,1,310,BURGLARY,"0344 1605 1822",27,M,H,404,"DEPARTMENT STORE",,,IC,"Invest Cont",310.0,,NULL,NULL
200104851,2020-01-12,2020-01-11,2315,1,Central,164,1,350,"THEFT, PERSON","0344 0377 1822",26,F,O,735,"NIGHT CLUB (OPEN EVENINGS ONLY)",,,IC,"Invest Cont",350.0,,NULL,NULL
200104853,2020-01-12,2020-01-11,2100,1,Central,152,1,440,"THEFT PLAIN - PETTY ($950 & UNDER)","1822 2032 0344 1251",26,F,H,210,"RESTAURANT/FAST FOOD",,,IC,"Invest Cont",440.0,,NULL,NULL
200104857,2020-01-12,2020-01-05,1500,1,Central,192,1,420,"THEFT FROM MOTOR VEHICLE - PETTY ($950 & UNDER)",,0,,,108,"PARKING LOT",,,IC,"Invest Cont",420.0,,NULL,NULL
200104859,2020-01-12,2020-01-12,1945,1,Central,139,1,510,"VEHICLE - STOLEN",,0,,,101,STREET,,,IC,"Invest Cont",510.0,,NULL,NULL
200104860,2020-01-12,2020-01-10,1530,1,Central,162,1,341,"THEFT-GRAND ($950.01 & OVER)EXCPT,GUNS,FOWL,LIVESTK,PROD","3101 3401 3701 0605 3026 3036 2032",29,M,B,108,"PARKING LOT",,,IC,"Invest Cont",341.0,,NULL,NULL
200104863,2020-01-12,2020-01-11,2200,1,Central,171,1,330,"BURGLARY FROM VEHICLE","0344 0329 1609 1307 1601",38,F,H,108,"PARKING LOT",500.0,"UNKNOWN WEAPON/OTHER WEAPON",IC,"Invest Cont",330.0,,NULL,NULL
200104865,2020-01-12,2020-01-12,530,1,Central,162,1,330,"BURGLARY FROM VEHICLE","0344 0329 1609 1307 1601",27,M,H,108,"PARKING LOT",,,IC,"Invest Cont",330.0,,NULL,NULL
200104868,2020-01-12,2020-01-08,2000,1,Central,138,2,624,"BATTERY - SIMPLE ASSAULT","0401 0913 0448 0408",35,M,B,502,"MULTI-UNIT DWELLING (APARTMENT, DUPLEX, ETC)",500.0,"UNKNOWN WEAPON/OTHER WEAPON",IC,"Invest Cont",624.0,,NULL,NULL
200104869,2020-01-12,2020-01-12,1450,1,Central,142,2,624,"BATTERY - SIMPLE ASSAULT","1253 0447 0416 1202 1822 0910",60,M,H,801,"MTA BUS",500.0,"UNKNOWN WEAPON/OTHER WEAPON",IC,"Invest Cont",624.0,,NULL,NULL
200104871,2020-01-12,2020-01-03,1600,1,Central,192,1,330,"BURGLARY FROM VEHICLE","1307 1609 0344 1822 0329",23,F,B,101,STREET,,,IC,"Invest Cont",330.0,,NULL,NULL
200104872,2020-01-12,2020-01-12,1830,1,Central,185,1,330,"BURGLARY FROM VEHICLE","1307 1609 0344 1822 0329",26,M,B,101,STREET,,,IC,"Invest Cont",330.0,,NULL,NULL
200104873,2020-01-12,2020-01-12,1030,1,Central,111,1,330,"BURGLARY FROM VEHICLE","1822 0329 0344 1307 1609",36,M,B,502,"MULTI-UNIT DWELLING (APARTMENT, DUPLEX, ETC)",,,IC,"Invest Cont",330.0,,NULL,NULL
200104874,2020-01-12,2020-01-11,2000,1,Central,182,2,740,"VANDALISM - FELONY ($400 & OVER, ALL CHURCH VANDALISMS)","1822 0329",45,M,H,122,"VEHICLE, PASSENGER/TRUCK",,,IC,"Invest Cont",740.0,,NULL,NULL
200104875,2020-01-12,2020-01-12,1955,1,Central,171,2,888,TRESPASSING,"2004 1501",0,X,X,733,"BAR/SPORTS BAR (OPEN DAY & NIGHT)",,,IC,"Invest Cont",888.0,,NULL,NULL
200104879,2020-01-12,2020-01-12,2020,1,Central,162,1,210,ROBBERY,"1414 0945 2004 1822 0325 0421",0,X,X,406,"OTHER STORE",200.0,"KNIFE WITH BLADE 6INCHES OR LESS",IC,"Invest Cont",210.0,,NULL,NULL
200104880,2020-01-12,2020-01-12,1800,1,Central,162,1,440,"THEFT PLAIN - PETTY ($950 & UNDER)","2032 0344 1822",20,F,X,102,SIDEWALK,,,IC,"Invest Cont",440.0,,NULL,NULL
200104881,2020-01-13,2020-01-12,2300,1,Central,156,1,236,"INTIMATE PARTNER - AGGRAVATED ASSAULT","2004 0913 2000 0416 1814 1218",46,F,W,502,"MULTI-UNIT DWELLING (APARTMENT, DUPLEX, ETC)",400.0,"STRONG-ARM (HANDS, FIST, FEET OR BODILY FORCE)",IC,"Invest Cont",236.0,,NULL,NULL
200104884,2020-01-12,2020-01-11,1400,1,Central,181,1,341,"THEFT-GRAND ($950.01 & OVER)EXCPT,GUNS,FOWL,LIVESTK,PROD","2032 0344",44,M,B,741,"STAPLES CENTER *",,,IC,"Invest Cont",341.0,,NULL,NULL
200104885,2020-01-12,2020-01-12,1600,1,Central,152,1,480,"BIKE - STOLEN","0397 0344",26,M,W,738,LIBRARY,,,IC,"Invest Cont",480.0,,NULL,NULL
200104886,2020-01-12,2020-01-12,1625,1,Central,134,1,440,"THEFT PLAIN - PETTY ($950 & UNDER)","2032 0344 1822",22,F,A,402,MARKET,,,IC,"Invest Cont",440.0,,NULL,NULL
200104895,2020-01-13,2020-01-12,1900,1,Central,105,1,510,"VEHICLE - STOLEN",,0,,,101,STREET,,,IC,"Invest Cont",510.0,,NULL,NULL
200104896,2020-01-08,2020-01-03,1810,1,Central,124,2,956,"LETTERS, LEWD  -  TELEPHONE CALLS, LEWD",1906,0,X,X,725,"GOVERNMENT FACILITY (FEDERAL,STATE, COUNTY & CITY)",,,IC,"Invest Cont",956.0,,NULL,NULL
200104903,2020-01-13,2020-01-11,1000,1,Central,182,1,330,"BURGLARY FROM VEHICLE","0344 1300 1302",40,F,O,707,GARAGE/CARPORT,,,IC,"Invest Cont",330.0,,NULL,NULL
200104911,2020-01-13,2020-01-12,700,1,Central,166,2,755,"BOMB SCARE",0404,0,M,O,517,MISSIONS/SHELTERS,511.0,"VERBAL THREAT",IC,"Invest Cont",755.0,,NULL,NULL
200104921,2020-01-13,2020-01-10,1200,1,Central,119,2,740,"VANDALISM - FELONY ($400 & OVER, ALL CHURCH VANDALISMS)","0910 1822 0329",57,M,H,834,"LA UNION STATION (NOT LINE SPECIFIC)",,,IC,"Invest Cont",740.0,,NULL,NULL
200104922,2020-01-13,2020-01-13,830,1,Central,119,2,625,"OTHER ASSAULT","1822 0910 0400",61,M,B,834,"LA UNION STATION (NOT LINE SPECIFIC)",500.0,"UNKNOWN WEAPON/OTHER WEAPON",IC,"Invest Cont",625.0,,NULL,NULL
200104924,2020-01-13,2020-01-13,1400,1,Central,134,1,330,"BURGLARY FROM VEHICLE","1609 1822 1307 0344 0329",39,F,H,123,"PARKING UNDERGROUND/BUILDING",,,IC,"Invest Cont",330.0,,NULL,NULL
200104926,2020-01-13,2020-01-13,1200,1,Central,159,1,331,"THEFT FROM MOTOR VEHICLE - GRAND ($950.01 AND OVER)","0344 1822 1300 0377",59,F,O,108,"PARKING LOT",,,IC,"Invest Cont",331.0,,NULL,NULL
200104928,2020-01-13,2020-01-13,1200,1,Central,192,1,440,"THEFT PLAIN - PETTY ($950 & UNDER)","0910 0346 0377 1822 2032",22,M,B,124,"BUS STOP",,,IC,"Invest Cont",440.0,,NULL,NULL
200104934,2020-01-13,2020-01-13,1500,1,Central,162,1,442,"SHOPLIFTING - PETTY THEFT ($950 & UNDER)","0344 0378",35,M,B,404,"DEPARTMENT STORE",,,IC,"Invest Cont",442.0,,NULL,NULL
200104937,2020-01-13,2020-01-12,1641,1,Central,124,2,624,"BATTERY - SIMPLE ASSAULT","2004 0416 0447 2035 1514 2055 0903",41,F,B,101,STREET,500.0,"UNKNOWN WEAPON/OTHER WEAPON",IC,"Invest Cont",624.0,,NULL,NULL
200104938,2020-01-13,2020-01-12,1641,1,Central,124,2,624,"BATTERY - SIMPLE ASSAULT","2004 0416 0447 2035 1514 2055 0903",29,M,B,101,STREET,500.0,"UNKNOWN WEAPON/OTHER WEAPON",IC,"Invest Cont",624.0,,NULL,NULL
200104941,2020-01-13,2020-01-13,1620,1,Central,182,2,930,"CRIMINAL THREATS - NO WEAPON DISPLAYED","0917 1266 0416 0371 1309 0906",22,M,H,102,SIDEWALK,400.0,"STRONG-ARM (HANDS, FIST, FEET OR BODILY FORCE)",IC,"Invest Cont",930.0,,NULL,NULL
